metric,arm_a,arm_b,n_per_arm,mean_a,mean_b,diff_a_minus_b,diff_ci95_lo,diff_ci95_hi,ratio_a_over_b,cohens_d,d_ci95_lo,d_ci95_hi,hedges_g,welch_t,welch_df,p_welch_two_sided,p_holm_self_family,mannwhitney_U,mw_z,p_mannwhitney_two_sided,rank_biserial,p_perm_two_sided
pool_rate_hz,rest,flow,10,21.5391,72.2363,-50.6972,-50.7991,-50.5953,0.298175,-491.345,-643.614,-339.076,-470.584,-1098.68,10.6811,2.45989e-28,,0,-3.74185,0.000182672,1,
pool_rate_hz,rest,self,10,21.5391,70.0661,-48.5271,-48.5993,-48.4548,0.307411,-651.712,-853.677,-449.746,-624.175,-1457.27,12.4312,6.64293e-34,,0,-3.74185,0.000182672,1,0.000249938
pool_rate_hz,rest,shuffle,10,21.5391,70.7525,-49.2135,-49.2824,-49.1446,0.304428,-691.374,-905.63,-477.117,-662.161,-1545.96,12.7912,4.22417e-35,,0,-3.74185,0.000182672,1,
pool_rate_hz,rest,randmat,10,21.5391,50.1615,-28.6224,-28.6809,-28.564,0.429394,-469.018,-614.368,-323.668,-449.2,-1048.76,14.3114,2.27005e-36,,0,-3.74185,0.000182672,1,
pool_rate_hz,rest,decorr,10,21.5391,70.3024,-48.7633,-48.9038,-48.6229,0.306378,-346.632,-454.056,-239.208,-331.986,-775.094,9.87228,5.99505e-25,,0,-3.74185,0.000182672,1,
pool_rate_hz,flow,self,10,72.2363,70.0661,2.17015,2.05654,2.28376,1.03097,18.1116,12.4308,23.7923,17.3463,40.4987,15.9819,1.54777e-17,4.64331e-17,100,3.74185,0.000182672,-1,0.000249938
pool_rate_hz,flow,shuffle,10,72.2363,70.7525,1.48373,1.37174,1.59572,1.02097,12.5941,8.59399,16.5942,12.0619,28.1612,15.496,9.91805e-15,,100,3.74185,0.000182672,-1,
pool_rate_hz,flow,randmat,10,72.2363,50.1615,22.0748,21.9672,22.1823,1.44007,197.152,136.049,258.255,188.821,440.845,13.7947,5.10315e-30,,100,3.74185,0.000182672,-1,
pool_rate_hz,flow,decorr,10,72.2363,70.3024,1.93387,1.7738,2.09394,1.02751,11.4347,7.78428,15.085,10.9515,25.5687,16.331,1.32326e-14,,100,3.74185,0.000182672,-1,
pool_rate_hz,self,shuffle,10,70.0661,70.7525,-0.68642,-0.774466,-0.598374,0.990298,-7.32651,-9.76029,-4.89272,-7.01693,-16.3826,17.9469,3.07243e-12,6.14487e-12,0,-3.74185,0.000182672,1,0.000249938
pool_rate_hz,self,randmat,10,70.0661,50.1615,19.9046,19.8232,19.986,1.39681,230.839,159.297,302.381,221.085,516.172,16.9822,4.51967e-37,,100,3.74185,0.000182672,-1,0.000249938
pool_rate_hz,self,decorr,10,70.0661,70.3024,-0.23628,-0.384204,-0.0883558,0.996639,-1.54129,-2.5395,-0.543072,-1.47616,-3.44642,13.1632,0.00426596,0.00426596,11,-2.91033,0.00361051,0.78,0.00524869
pool_rate_hz,shuffle,randmat,10,70.7525,50.1615,20.591,20.5124,20.6696,1.41049,246.859,170.353,323.365,236.428,551.993,17.3537,2.79951e-38,,100,3.74185,0.000182672,-1,
pool_rate_hz,shuffle,decorr,10,70.7525,70.3024,0.45014,0.30328,0.597,1.0064,2.96662,1.69639,4.23685,2.84127,6.63356,12.7755,1.77552e-05,,100,3.74185,0.000182672,-1,
pool_rate_hz,randmat,decorr,10,50.1615,70.3024,-20.1409,-20.2849,-19.9969,0.713511,-136.786,-179.184,-94.3871,-131.006,-305.862,11.6196,4.65041e-24,,0,-3.74185,0.000182672,1,
injected_events,rest,flow,10,0,590257,-590257,-591103,-589410,0,-705.744,-924.455,-487.034,-675.924,-1578.09,9,8.38827e-26,,0,-3.99806,6.38644e-05,1,
injected_events,rest,self,10,0,584427,-584427,-585288,-583567,0,-686.963,-899.853,-474.073,-657.937,-1536.1,9,1.0693e-25,,0,-3.99806,6.38644e-05,1,0.000249938
injected_events,rest,shuffle,10,0,584483,-584483,-585070,-583896,0,-1006.77,-1318.77,-694.774,-964.232,-2251.21,9,3.42867e-27,,0,-3.99806,6.38644e-05,1,
injected_events,rest,randmat,10,0,338439,-338439,-338789,-338090,0,-979.445,-1282.97,-675.916,-938.06,-2190.11,9,4.3922e-27,,0,-3.99806,6.38644e-05,1,
injected_events,rest,decorr,10,0,587268,-587268,-588492,-586044,0,-485.356,-635.769,-334.943,-464.848,-1085.29,9,2.43752e-24,,0,-3.99806,6.38644e-05,1,
injected_events,flow,self,10,590257,584427,5829.3,4708.38,6950.22,1.00997,4.88624,3.13661,6.63586,4.67978,10.926,17.9948,2.25508e-09,6.76524e-09,100,3.74185,0.000182672,-1,0.000249938
injected_events,flow,shuffle,10,590257,584483,5773.7,4808.67,6738.73,1.00988,5.67102,3.70713,7.63492,5.4314,12.6808,16.0388,8.93999e-10,,100,3.74185,0.000182672,-1,
injected_events,flow,randmat,10,590257,338439,251817,250935,252699,1.74405,278.273,192.032,364.513,266.515,622.237,11.9855,2.14135e-28,,100,3.74185,0.000182672,-1,
injected_events,flow,decorr,10,590257,587268,2988.5,1594.03,4382.97,1.00509,2.03175,0.952527,3.11098,1.94591,4.54314,16.0018,0.000332452,,96,3.43948,0.00058284,-0.92,
injected_events,self,shuffle,10,584427,584483,-55.6,-1032.6,921.403,0.999905,-0.0539831,-0.930665,0.822699,-0.0517022,-0.12071,15.8884,0.905434,0.905434,54,0.264575,0.791337,-0.08,0.904024
injected_events,self,randmat,10,584427,338439,245988,245092,246884,1.72683,267.892,184.868,350.915,256.572,599.024,11.8908,5.2681e-28,,100,3.74185,0.000182672,-1,0.000249938
injected_events,self,decorr,10,584427,587268,-2840.8,-4242.02,-1439.58,0.995163,-1.9206,-2.9801,-0.861101,-1.83945,-4.2946,16.1509,0.000546012,0.00109202,9,-3.06151,0.00220222,0.82,0.00124969
injected_events,shuffle,randmat,10,584483,338439,246044,245398,246689,1.72699,364.184,251.321,477.047,348.796,814.339,14.6656,1.49565e-35,,100,3.74185,0.000182672,-1,
injected_events,shuffle,decorr,10,584483,587268,-2785.2,-4082.47,-1487.93,0.995257,-2.07534,-3.16251,-0.98818,-1.98765,-4.64061,12.9353,0.000468348,,10,-2.98592,0.00282727,0.8,
injected_events,randmat,decorr,10,338439,587268,-248829,-250075,-247582,0.576294,-197.743,-259.029,-136.456,-189.387,-442.166,10.4583,1.1075e-23,,0,-3.74185,0.000182672,1,
cx_rate_hz,rest,flow,10,0.25352,6.06532,-5.8118,-5.90439,-5.71921,0.0417983,-63.457,-83.1417,-43.7723,-60.7757,-141.894,9.04092,1.89599e-16,,0,-3.74185,0.000182672,1,
cx_rate_hz,rest,self,10,0.25352,3.73205,-3.47853,-3.58316,-3.3739,0.0679305,-33.617,-44.0717,-23.1624,-32.1966,-75.1699,9.03204,6.04012e-14,,0,-3.74185,0.000182672,1,0.000249938
cx_rate_hz,rest,shuffle,10,0.25352,6.09666,-5.84314,-5.92996,-5.75631,0.0415834,-68.0297,-89.1302,-46.9293,-65.1552,-152.119,9.04654,9.91391e-17,,0,-3.74185,0.000182672,1,
cx_rate_hz,rest,randmat,10,0.25352,7.80299,-7.54947,-7.58264,-7.5163,0.0324901,-229.067,-300.06,-158.074,-219.388,-512.21,9.32077,4.67084e-22,,0,-3.74185,0.000182672,1,
cx_rate_hz,rest,decorr,10,0.25352,3.81183,-3.55831,-3.6635,-3.45312,0.0665087,-34.2031,-44.8387,-23.5674,-32.7579,-76.4804,9.03169,5.1733e-14,,0,-3.74185,0.000182672,1,
cx_rate_hz,flow,self,10,6.06532,3.73205,2.33327,2.20343,2.46311,1.6252,16.9019,11.5912,22.2126,16.1877,37.7938,17.7373,2.10369e-18,5.56878e-18,100,3.74185,0.000182672,-1,0.000249938
cx_rate_hz,flow,shuffle,10,6.06532,6.09666,-0.031338,-0.149202,0.0865258,0.99486,-0.249887,-1.12982,0.630049,-0.239329,-0.558765,17.9259,0.583235,,48,-0.113389,0.909722,0.04,
cx_rate_hz,flow,randmat,10,6.06532,7.80299,-1.73767,-1.83302,-1.64232,0.777307,-17.8883,-23.5007,-12.2759,-17.1324,-39.9994,11.2585,1.71011e-13,,0,-3.74185,0.000182672,1,
cx_rate_hz,flow,decorr,10,6.06532,3.81183,2.25349,2.12324,2.38374,1.59118,16.2745,11.1555,21.3935,15.5868,36.3909,17.7142,4.24493e-18,,100,3.74185,0.000182672,-1,
cx_rate_hz,self,shuffle,10,3.73205,6.09666,-2.36461,-2.49113,-2.23808,0.612147,-17.6021,-23.1269,-12.0773,-16.8584,-39.3595,17.4073,1.85626e-18,5.56878e-18,0,-3.74185,0.000182672,1,0.000249938
cx_rate_hz,self,randmat,10,3.73205,7.80299,-4.07094,-4.17793,-3.96395,0.478285,-37.5473,-49.216,-25.8785,-35.9608,-83.9583,10.7795,1.57506e-16,,0,-3.74185,0.000182672,1,0.000249938
cx_rate_hz,self,decorr,10,3.73205,3.81183,-0.079779,-0.217521,0.0579633,0.979071,-0.544185,-1.43678,0.348413,-0.521192,-1.21684,17.9995,0.239382,0.239382,36,-1.0205,0.307489,0.28,0.23944
cx_rate_hz,shuffle,randmat,10,6.09666,7.80299,-1.70633,-1.79615,-1.61651,0.781323,-18.5895,-24.4167,-12.7624,-17.8041,-41.5675,11.5568,6.01942e-14,,0,-3.74185,0.000182672,1,
cx_rate_hz,shuffle,decorr,10,6.09666,3.81183,2.28483,2.15788,2.41178,1.5994,16.9538,11.6272,22.2803,16.2374,37.9098,17.3745,3.75071e-18,,100,3.74185,0.000182672,-1,
cx_rate_hz,randmat,decorr,10,7.80299,3.81183,3.99116,3.88362,4.0987,2.04705,36.631,25.2453,48.0166,35.0832,81.9094,10.7607,2.1642e-16,,100,3.74185,0.000182672,-1,
cx_active_fraction,rest,flow,10,0.0137898,0.246625,-0.232835,-0.23802,-0.227651,0.0559139,-45.3508,-59.4323,-31.2694,-43.4346,-101.408,9.11003,3.19122e-15,,0,-3.77463,0.000160246,1,
cx_active_fraction,rest,self,10,0.0137898,0.178448,-0.164658,-0.168751,-0.160564,0.0772763,-40.5721,-53.1758,-27.9684,-38.8578,-90.722,9.17673,7.21992e-15,,0,-3.77319,0.000161177,1,0.000249938
cx_active_fraction,rest,shuffle,10,0.0137898,0.253038,-0.239248,-0.244883,-0.233613,0.0544969,-42.8826,-56.2007,-29.5645,-41.0707,-95.8884,9.09309,5.58905e-15,,0,-3.77319,0.000161177,1,
cx_active_fraction,rest,randmat,10,0.0137898,0.251012,-0.237223,-0.241062,-0.233383,0.0549366,-62.2957,-81.6208,-42.9705,-59.6635,-139.297,9.20099,1.30345e-16,,0,-3.78042,0.000156565,1,
cx_active_fraction,rest,decorr,10,0.0137898,0.177869,-0.164079,-0.168322,-0.159836,0.0775277,-39.016,-51.1387,-26.8933,-37.3674,-87.2424,9.16448,1.07087e-14,,0,-3.77319,0.000161177,1,
cx_active_fraction,flow,self,10,0.246625,0.178448,0.0681776,0.0620279,0.0743273,1.38206,10.4568,7.09984,13.8138,10.015,23.3822,17.076,2.08132e-14,6.24396e-14,100,3.74326,0.000181651,-1,0.000249938
cx_active_fraction,flow,shuffle,10,0.246625,0.253038,-0.0064126,-0.01352,0.000694755,0.974658,-0.84814,-1.76322,0.0669416,-0.812303,-1.8965,17.8756,0.0741743,,28,-1.62586,0.10398,0.44,
cx_active_fraction,flow,randmat,10,0.246625,0.251012,-0.0043873,-0.0104064,0.00163185,0.982522,-0.689061,-1.59122,0.213097,-0.659946,-1.54079,16.5813,0.142235,,29,-1.55316,0.120385,0.42,
cx_active_fraction,flow,decorr,10,0.246625,0.177869,0.0687562,0.0625258,0.0749866,1.38656,10.398,7.05861,13.7374,9.95867,23.2507,17.3186,1.67449e-14,,100,3.74326,0.000181651,-1,
cx_active_fraction,self,shuffle,10,0.178448,0.253038,-0.0745902,-0.0810953,-0.0680851,0.705221,-10.8482,-14.3224,-7.37396,-10.3898,-24.2573,16.4218,2.70953e-14,6.24396e-14,0,-3.74185,0.000182672,1,0.000249938
cx_active_fraction,self,randmat,10,0.178448,0.251012,-0.0725649,-0.0777682,-0.0673616,0.710911,-13.107,-17.2623,-8.95166,-12.5532,-29.3081,17.926,1.35065e-16,,0,-3.7489,0.000177611,1,0.000249938
cx_active_fraction,self,decorr,10,0.178448,0.177869,0.0005786,-0.00488721,0.00604441,1.00325,0.0994693,-0.777595,0.976534,0.0952664,0.22242,17.9768,0.826494,0.826494,54.5,0.302713,0.762108,-0.09,0.832542
cx_active_fraction,shuffle,randmat,10,0.253038,0.251012,0.0020253,-0.00436056,0.00841116,1.00807,0.300888,-0.58058,1.18236,0.288174,0.672806,15.8638,0.510753,,59,0.643751,0.519737,-0.18,
cx_active_fraction,shuffle,decorr,10,0.253038,0.177869,0.0751688,0.0685898,0.0817478,1.42261,10.7945,7.33637,14.2526,10.3384,24.1372,16.7157,1.9805e-14,,100,3.74185,0.000182672,-1,
cx_active_fraction,randmat,decorr,10,0.251012,0.177869,0.0731435,0.0678359,0.0784511,1.41122,12.9572,8.84721,17.0671,12.4097,28.9731,17.822,1.92652e-16,,100,3.7489,0.000177611,-1,
ring_rate_hz,rest,flow,10,0,25.3735,-25.3735,-26.0747,-24.6724,0,-36.6114,-47.991,-25.2318,-35.0645,-81.8657,9,3.06598e-14,,0,-3.99977,6.34029e-05,1,
ring_rate_hz,rest,self,10,0,18.2039,-18.2039,-19.1223,-17.2855,0,-20.0523,-26.3279,-13.7766,-19.205,-44.8382,9,6.82498e-12,,0,-3.99806,6.38644e-05,1,0.000249938
ring_rate_hz,rest,shuffle,10,0,26.6441,-26.6441,-27.214,-26.0742,0,-47.2942,-61.9768,-32.6117,-45.2959,-105.753,9,3.06764e-15,,0,-3.99806,6.38644e-05,1,
ring_rate_hz,rest,randmat,10,0,30.2755,-30.2755,-30.4692,-30.0817,0,-158.085,-207.083,-109.087,-151.405,-353.488,9,5.907e-20,,0,-3.99806,6.38644e-05,1,
ring_rate_hz,rest,decorr,10,0,18.5167,-18.5167,-19.2927,-17.7406,0,-24.1395,-31.6715,-16.6076,-23.1196,-53.9777,9,1.2926e-12,,0,-3.99806,6.38644e-05,1,
ring_rate_hz,flow,self,10,25.3735,18.2039,7.16959,6.09112,8.24806,1.39385,6.27738,4.14369,8.41108,6.01214,14.0367,16.8307,1.01751e-10,2.03503e-10,100,3.74326,0.000181651,-1,0.000249938
ring_rate_hz,flow,shuffle,10,25.3735,26.6441,-1.27058,-2.11226,-0.428903,0.952313,-1.4226,-2.40374,-0.44145,-1.36249,-3.18102,17.2791,0.00538034,,17.5,-2.42079,0.0154867,0.65,
ring_rate_hz,flow,randmat,10,25.3735,30.2755,-4.90197,-5.61502,-4.18892,0.838088,-6.81754,-9.10489,-4.53019,-6.52947,-15.2445,10.3665,1.96276e-08,,0,-3.74326,0.000181651,1,
ring_rate_hz,flow,decorr,10,25.3735,18.5167,6.85686,5.88484,7.82888,1.37031,6.63278,4.39821,8.86735,6.35252,14.8313,17.8178,1.82013e-11,,100,3.74326,0.000181651,-1,
ring_rate_hz,self,shuffle,10,18.2039,26.6441,-8.44017,-9.45839,-7.42195,0.683226,-7.89964,-10.4999,-5.29938,-7.56586,-17.6641,15.0367,1.81794e-11,5.45383e-11,0,-3.74185,0.000182672,1,0.000249938
ring_rate_hz,self,randmat,10,18.2039,30.2755,-12.0716,-12.9986,-11.1445,0.601276,-13.0109,-17.1371,-8.88466,-12.4611,-29.0932,9.79949,7.67528e-11,,0,-3.74185,0.000182672,1,0.000249938
ring_rate_hz,self,decorr,10,18.2039,18.5167,-0.31273,-1.43163,0.806174,0.983111,-0.263129,-1.14344,0.617178,-0.252011,-0.588375,17.5122,0.563793,0.563793,44.5,-0.378107,0.705351,0.11,0.554361
ring_rate_hz,shuffle,randmat,10,26.6441,30.2755,-3.63139,-4.21675,-3.04603,0.880055,-6.10285,-8.18736,-4.01835,-5.84499,-13.6464,11.0527,2.91162e-08,,0,-3.74185,0.000182672,1,
ring_rate_hz,shuffle,decorr,10,26.6441,18.5167,8.12744,7.22747,9.02741,1.43893,8.53971,5.75189,11.3275,8.17888,19.0954,16.521,1.0847e-12,,100,3.74185,0.000182672,-1,
ring_rate_hz,randmat,decorr,10,30.2755,18.5167,11.7588,10.9723,12.5454,1.63504,14.873,10.1813,19.5648,14.2446,33.2571,10.1177,1.14004e-11,,100,3.74185,0.000182672,-1,
columnar_rate_hz,rest,flow,10,0,0.951609,-0.951609,-1.00733,-0.895886,0,-17.2768,-22.7021,-11.8515,-16.5468,-38.632,9,2.59217e-11,,0,-3.99806,6.38644e-05,1,
columnar_rate_hz,rest,self,10,0,0.340412,-0.340412,-0.367147,-0.313676,0,-12.8811,-16.9681,-8.7942,-12.3369,-28.8031,9,3.57065e-10,,0,-3.99806,6.38644e-05,1,0.000249938
columnar_rate_hz,rest,shuffle,10,0,1.04472,-1.04472,-1.10273,-0.986717,0,-18.2208,-23.935,-12.5066,-17.4509,-40.7428,9,1.60991e-11,,0,-3.99806,6.38644e-05,1,
columnar_rate_hz,rest,randmat,10,0,2.18867,-2.18867,-2.2156,-2.16174,0,-82.2205,-107.716,-56.7255,-78.7464,-183.851,9,2.11939e-17,,0,-3.99806,6.38644e-05,1,
columnar_rate_hz,rest,decorr,10,0,0.356499,-0.356499,-0.390473,-0.322525,0,-10.6157,-14.0203,-7.21117,-10.1672,-23.7375,9,1.99435e-09,,0,-3.99806,6.38644e-05,1,
columnar_rate_hz,flow,self,10,0.951609,0.340412,0.611197,0.552143,0.670251,2.79547,10.0045,6.78263,13.2264,9.58181,22.3708,12.9351,1.0068e-11,2.0136e-11,100,3.74185,0.000182672,-1,0.000249938
columnar_rate_hz,flow,shuffle,10,0.951609,1.04472,-0.0931142,-0.167825,-0.0184039,0.910872,-1.17114,-2.11983,-0.222454,-1.12166,-2.61876,17.9711,0.0174143,,21,-2.1544,0.031209,0.58,
columnar_rate_hz,flow,randmat,10,0.951609,2.18867,-1.23706,-1.29618,-1.17795,0.434788,-20.2216,-26.5492,-13.894,-19.3671,-45.2168,12.9867,1.13143e-15,,0,-3.74185,0.000182672,1,
columnar_rate_hz,flow,decorr,10,0.951609,0.356499,0.59511,0.533574,0.656646,2.66932,9.22501,6.23485,12.2152,8.83522,20.6277,14.8788,2.3423e-12,,100,3.74185,0.000182672,-1,
columnar_rate_hz,self,shuffle,10,0.340412,1.04472,-0.704311,-0.765476,-0.643147,0.325839,-11.1558,-14.7223,-7.58925,-10.6844,-24.9451,12.6588,3.83658e-12,1.15097e-11,0,-3.74185,0.000182672,1,0.000249938
columnar_rate_hz,self,randmat,10,0.340412,2.18867,-1.84826,-1.88351,-1.81302,0.155533,-49.2739,-64.5689,-33.9789,-47.1919,-110.18,17.9991,6.36109e-27,,0,-3.74185,0.000182672,1,0.000249938
columnar_rate_hz,self,decorr,10,0.340412,0.356499,-0.0160876,-0.0563981,0.0242229,0.954873,-0.376463,-1.26072,0.50779,-0.360556,-0.841797,17.0571,0.411549,0.411549,42.5,-0.529349,0.596563,0.15,0.410647
columnar_rate_hz,shuffle,randmat,10,1.04472,2.18867,-1.14395,-1.20517,-1.08273,0.477332,-18.0962,-23.7723,-12.4201,-17.3316,-40.4643,12.7075,8.2135e-15,,0,-3.74185,0.000182672,1,
columnar_rate_hz,shuffle,decorr,10,1.04472,0.356499,0.688224,0.624704,0.751744,2.93051,10.3574,7.03013,13.6846,9.91975,23.1598,14.5246,7.10456e-13,,100,3.74185,0.000182672,-1,
columnar_rate_hz,randmat,decorr,10,2.18867,0.356499,1.83217,1.79176,1.87259,6.13935,42.7551,29.4764,56.0337,40.9485,95.6032,17.1086,8.68066e-25,,100,3.74185,0.000182672,-1,
fanbody_rate_hz,rest,flow,10,0.000221852,6.22707,-6.22684,-6.30276,-6.15093,3.56271e-05,-82.9805,-108.711,-57.2501,-79.4742,-185.55,9.00079,1.94537e-17,,0,-3.92301,8.74499e-05,1,
fanbody_rate_hz,rest,self,10,0.000221852,3.37803,-3.37781,-3.42461,-3.33101,6.56749e-05,-73.0159,-95.6603,-50.3715,-69.9307,-163.269,9.00207,6.12289e-17,,0,-3.92301,8.74499e-05,1,0.000249938
fanbody_rate_hz,rest,shuffle,10,0.000221852,5.96007,-5.95985,-6.0197,-5.89999,3.72231e-05,-100.724,-131.95,-69.4974,-96.4678,-225.225,9.00127,3.3953e-18,,0,-3.92301,8.74499e-05,1,
fanbody_rate_hz,rest,randmat,10,0.000221852,7.88286,-7.88264,-7.93291,-7.83237,2.81436e-05,-158.627,-207.793,-109.461,-151.925,-354.702,9.00179,5.68337e-20,,0,-3.92301,8.74499e-05,1,
fanbody_rate_hz,rest,decorr,10,0.000221852,3.46256,-3.46234,-3.51887,-3.40581,6.40716e-05,-61.9591,-81.18,-42.7381,-59.3411,-138.545,9.00142,2.68933e-16,,0,-3.92301,8.74499e-05,1,
fanbody_rate_hz,flow,self,10,6.22707,3.37803,2.84903,2.76499,2.93307,1.8434,32.3199,22.2657,42.374,30.9542,72.2694,14.9773,1.81337e-20,3.62675e-20,100,3.74185,0.000182672,-1,0.000249938
fanbody_rate_hz,flow,shuffle,10,6.22707,5.96007,0.266998,0.176863,0.357133,1.0448,2.79405,1.56197,4.02613,2.67599,6.24769,17.0713,8.6711e-06,,98,3.59066,0.000329839,-0.96,
fanbody_rate_hz,flow,randmat,10,6.22707,7.88286,-1.6558,-1.74129,-1.57031,0.78995,-18.3979,-24.1664,-12.6295,-17.6205,-41.139,15.6202,2.3803e-17,,0,-3.74185,0.000182672,1,
fanbody_rate_hz,flow,decorr,10,6.22707,3.46256,2.7645,2.67608,2.85293,1.7984,29.5484,20.3496,38.7472,28.2999,66.0722,16.6341,1.42121e-21,,100,3.74185,0.000182672,-1,
fanbody_rate_hz,self,shuffle,10,3.37803,5.96007,-2.58203,-2.65289,-2.51117,0.566778,-34.379,-45.069,-23.6891,-32.9264,-76.8739,17.0097,4.5758e-23,1.37274e-22,0,-3.74185,0.000182672,1,0.000249938
fanbody_rate_hz,self,randmat,10,3.37803,7.88286,-4.50483,-4.56864,-4.44102,0.428529,-66.3552,-86.9372,-45.7732,-63.5515,-148.375,17.9086,3.98672e-29,,0,-3.74185,0.000182672,1,0.000249938
fanbody_rate_hz,self,decorr,10,3.37803,3.46256,-0.084528,-0.152856,-0.0161998,0.975588,-1.16523,-2.11322,-0.21724,-1.116,-2.60554,17.3936,0.0182314,0.0182314,21,-2.1544,0.031209,0.58,0.0187453
fanbody_rate_hz,shuffle,randmat,10,5.96007,7.88286,-1.9228,-1.99555,-1.85004,0.756079,-24.8855,-32.6471,-17.1239,-23.834,-55.6456,17.478,4.03391e-21,,0,-3.74185,0.000182672,1,
fanbody_rate_hz,shuffle,decorr,10,5.96007,3.46256,2.4975,2.42102,2.57399,1.72129,30.688,21.1375,40.2384,29.3913,68.6204,17.9414,3.58331e-23,,100,3.74185,0.000182672,-1,
fanbody_rate_hz,randmat,decorr,10,7.88286,3.46256,4.4203,4.34997,4.49063,2.2766,59.1132,40.7732,77.4532,56.6154,132.181,17.7576,4.93857e-28,,100,3.74185,0.000182672,-1,
other_rate_hz,rest,flow,10,1.42457,16.6009,-15.1763,-15.385,-14.9677,0.0858127,-73.2774,-96.0028,-50.552,-70.1812,-163.853,9.26,2.37605e-17,,0,-3.74185,0.000182672,1,
other_rate_hz,rest,self,10,1.42457,11.164,-9.73947,-10.0291,-9.44981,0.127603,-33.9396,-44.4939,-23.3853,-32.5055,-75.8913,9.13452,4.16801e-14,,0,-3.74185,0.000182672,1,0.000249938
other_rate_hz,rest,shuffle,10,1.42457,16.7164,-15.2918,-15.5143,-15.0693,0.08522,-69.2734,-90.759,-47.7879,-66.3464,-154.9,9.22848,4.46087e-17,,0,-3.74185,0.000182672,1,
other_rate_hz,rest,randmat,10,1.42457,19.2943,-17.8697,-17.9412,-17.7983,0.0738336,-245.404,-321.459,-169.349,-235.034,-548.739,11.3047,2.24571e-26,,0,-3.74185,0.000182672,1,
other_rate_hz,rest,decorr,10,1.42457,11.372,-9.94744,-10.2509,-9.64398,0.12527,-33.0941,-43.3873,-22.801,-31.6958,-74.0007,9.12253,5.42233e-14,,0,-3.74185,0.000182672,1,
other_rate_hz,flow,self,10,16.6009,11.164,5.43687,5.10357,5.77017,1.487,15.4384,10.5744,20.3023,14.7861,34.5213,16.3457,1.04413e-16,2.08827e-16,100,3.74185,0.000182672,-1,0.000249938
other_rate_hz,flow,shuffle,10,16.6009,16.7164,-0.11546,-0.398039,0.167119,0.993093,-0.384013,-1.26858,0.500551,-0.367787,-0.858679,17.9253,0.401854,,46,-0.264575,0.791337,0.08,
other_rate_hz,flow,randmat,10,16.6009,19.2943,-2.6934,-2.9068,-2.48,0.860404,-12.4271,-16.3767,-8.47749,-11.902,-27.7879,10.9729,1.60414e-11,,0,-3.74185,0.000182672,1,
other_rate_hz,flow,decorr,10,16.6009,11.372,5.2289,4.88432,5.57348,1.4598,14.391,9.84591,18.936,13.7829,32.1792,15.9404,6.26247e-16,,100,3.74185,0.000182672,-1,
other_rate_hz,self,shuffle,10,11.164,16.7164,-5.55233,-5.89254,-5.21212,0.667851,-15.408,-20.2626,-10.5533,-14.7569,-34.4532,16.8692,4.47918e-17,1.34375e-16,0,-3.74185,0.000182672,1,0.000249938
other_rate_hz,self,randmat,10,11.164,19.2943,-8.13027,-8.4231,-7.83744,0.578618,-27.655,-36.27,-19.0401,-26.4865,-61.8385,10.0298,2.75873e-14,,0,-3.74185,0.000182672,1,0.000249938
other_rate_hz,self,decorr,10,11.164,11.372,-0.20797,-0.597099,0.181159,0.981712,-0.502226,-1.39246,0.388007,-0.481006,-1.12301,17.9609,0.27622,0.27622,35,-1.0961,0.273036,0.3,0.274431
other_rate_hz,shuffle,randmat,10,16.7164,19.2943,-2.57794,-2.80481,-2.35107,0.866389,-11.2181,-14.8033,-7.63282,-10.7441,-25.0843,10.7385,7.04552e-11,,0,-3.74185,0.000182672,1,
other_rate_hz,shuffle,decorr,10,16.7164,11.372,5.34436,4.99322,5.6955,1.46996,14.3941,9.84809,18.9401,13.7859,32.1861,16.4964,2.53116e-16,,100,3.74185,0.000182672,-1,
other_rate_hz,randmat,decorr,10,19.2943,11.372,7.9223,7.61584,8.22876,1.69665,25.7809,17.7435,33.8183,24.6916,57.6479,9.93849,6.96425e-14,,100,3.74185,0.000182672,-1,
ring_active_fraction,rest,flow,10,0,0.864706,-0.864706,-0.895596,-0.833815,0,-28.3193,-37.139,-19.4995,-27.1227,-63.3238,9,3.08167e-13,,0,-4.00666,6.15822e-05,1,
ring_active_fraction,rest,self,10,0,0.85147,-0.85147,-0.860682,-0.842259,0,-93.5162,-122.51,-64.5225,-89.5648,-209.109,9,6.65518e-18,,0,-4.0613,4.88003e-05,1,0.000249938
ring_active_fraction,rest,shuffle,10,0,0.876471,-0.876471,-0.893792,-0.859149,0,-51.1899,-67.0777,-35.3021,-49.0269,-114.464,9,1.50532e-15,,0,-4.01359,5.9802e-05,1,
ring_active_fraction,rest,randmat,10,0,0.891177,-0.891177,-0.910511,-0.871842,0,-46.6307,-61.108,-32.1534,-44.6604,-104.269,9,3.48328e-15,,0,-4.03282,5.51106e-05,1,
ring_active_fraction,rest,decorr,10,0,0.845588,-0.845588,-0.856951,-0.834225,0,-75.2845,-98.6315,-51.9376,-72.1035,-168.341,9,4.6837e-17,,0,-4.01533,5.93632e-05,1,
ring_active_fraction,flow,self,10,0.864706,0.85147,0.0132355,-0.018277,0.044748,1.01554,0.41539,-0.470535,1.30131,0.397838,0.92884,10.588,0.373663,0.747326,70.5,1.56766,0.11696,-0.41,0.347913
ring_active_fraction,flow,shuffle,10,0.864706,0.876471,-0.0117647,-0.0453093,0.0217799,0.986577,-0.336066,-1.21875,0.546622,-0.321866,-0.751466,14.1506,0.464688,,44.5,-0.384526,0.700589,0.11,
ring_active_fraction,flow,randmat,10,0.864706,0.891177,-0.0264706,-0.0607848,0.0078436,0.970297,-0.734846,-1.64047,0.170776,-0.703796,-1.64317,15.1133,0.120986,,31.5,-1.40919,0.15878,0.37,
ring_active_fraction,flow,decorr,10,0.864706,0.845588,0.0191179,-0.0127723,0.0510081,1.02261,0.58762,-0.307619,1.48286,0.562791,1.31396,11.3918,0.214705,,75.5,1.91815,0.0550914,-0.51,
ring_active_fraction,self,shuffle,10,0.85147,0.876471,-0.0250002,-0.0436375,-0.00636293,0.971476,-1.28918,-2.25246,-0.325901,-1.23471,-2.88269,13.7133,0.0122571,0.0367713,18,-2.51841,0.0117886,0.64,0.0117471
ring_active_fraction,self,randmat,10,0.85147,0.891177,-0.0397061,-0.0601774,-0.0192348,0.955445,-1.87563,-2.92737,-0.823895,-1.79638,-4.19404,12.8854,0.0010709,,6,-3.39188,0.000694137,0.88,0.000249938
ring_active_fraction,self,decorr,10,0.85147,0.845588,0.0058824,-0.00774435,0.0195091,1.00696,0.406838,-0.478705,1.29238,0.389648,0.909718,17.2611,0.3755,0.747326,61.5,0.880556,0.378558,-0.23,0.501875
ring_active_fraction,shuffle,randmat,10,0.876471,0.891177,-0.0147059,-0.0388352,0.00942341,0.983498,-0.573119,-1.46745,0.321217,-0.548903,-1.28153,17.7868,0.216462,,33,-1.2749,0.202344,0.34,
ring_active_fraction,shuffle,decorr,10,0.876471,0.845588,0.0308826,0.0114219,0.0503433,1.03652,1.50814,0.514803,2.50149,1.44442,3.37231,15.5356,0.00401726,,86.5,2.78598,0.00533656,-0.73,
ring_active_fraction,randmat,decorr,10,0.891177,0.845588,0.0455885,0.0244016,0.0667754,1.05391,2.05654,0.972815,3.14027,1.96965,4.59857,14.5545,0.000375156,,95.5,3.45268,0.000555049,-0.91,
columnar_active_fraction,rest,flow,10,0,0.109846,-0.109846,-0.116908,-0.102783,0,-15.7341,-20.6882,-10.78,-15.0692,-35.1824,9,5.98501e-11,,0,-4.00149,6.29439e-05,1,
columnar_active_fraction,rest,self,10,0,0.0516409,-0.0516409,-0.0542091,-0.0490727,0,-20.3425,-26.7072,-13.9778,-19.483,-45.4872,9,6.00007e-12,,0,-4.00839,6.11334e-05,1,0.000249938
columnar_active_fraction,rest,shuffle,10,0,0.121332,-0.121332,-0.129165,-0.113499,0,-15.6711,-20.606,-10.7362,-15.009,-35.0417,9,6.20344e-11,,0,-3.99806,6.38644e-05,1,
columnar_active_fraction,rest,randmat,10,0,0.135714,-0.135714,-0.139371,-0.132058,0,-37.5467,-49.2153,-25.8781,-35.9602,-83.957,9,2.44395e-14,,0,-4.00149,6.29439e-05,1,
columnar_active_fraction,rest,decorr,10,0,0.0503861,-0.0503861,-0.0530663,-0.0477058,0,-19.0184,-24.977,-13.0598,-18.2148,-42.5265,9,1.09678e-11,,0,-3.99977,6.34029e-05,1,
columnar_active_fraction,flow,self,10,0.109846,0.0516409,0.0582046,0.0509191,0.06549,2.1271,7.8352,5.25373,10.4167,7.50414,17.52,11.3391,1.44838e-09,2.90521e-09,100,3.75315,0.000174624,-1,0.000249938
columnar_active_fraction,flow,shuffle,10,0.109846,0.121332,-0.0114865,-0.021289,-0.00168392,0.90533,-1.1018,-2.04248,-0.161123,-1.05525,-2.4637,17.8107,0.0241714,,20.5,-2.19467,0.0281872,0.59,
columnar_active_fraction,flow,randmat,10,0.109846,0.135714,-0.0258688,-0.0334357,-0.0183019,0.809388,-3.29053,-4.6352,-1.94586,-3.15149,-7.35785,13.5015,4.42591e-06,,0,-3.74749,0.000178614,1,
columnar_active_fraction,flow,decorr,10,0.109846,0.0503861,0.0594594,0.0521511,0.0667677,2.18008,7.96278,5.34408,10.5815,7.62632,17.8053,11.5395,9.46895e-10,,100,3.74608,0.000179623,-1,
columnar_active_fraction,self,shuffle,10,0.0516409,0.121332,-0.0696911,-0.077719,-0.0616631,0.425617,-8.5532,-11.345,-5.76142,-8.1918,-19.1255,10.913,9.68402e-10,2.90521e-09,0,-3.75032,0.000176611,1,0.000249938
columnar_active_fraction,self,randmat,10,0.0516409,0.135714,-0.0840734,-0.0882579,-0.0798889,0.380512,-19.0343,-24.9978,-13.0709,-18.2301,-42.562,16.1412,5.20352e-18,,0,-3.75315,0.000174624,1,0.000249938
columnar_active_fraction,self,decorr,10,0.0516409,0.0503861,0.00125485,-0.00219307,0.00470277,1.0249,0.341992,-0.540915,1.2249,0.327541,0.764717,17.9673,0.454368,0.454368,58.5,0.607951,0.54322,-0.17,0.44139
columnar_active_fraction,shuffle,randmat,10,0.121332,0.135714,-0.0143823,-0.0226544,-0.0061102,0.894025,-1.68321,-2.7032,-0.663219,-1.61209,-3.76377,12.7452,0.00244336,,11,-2.91252,0.00358529,0.78,
columnar_active_fraction,shuffle,decorr,10,0.121332,0.0503861,0.0709459,0.0628982,0.0789936,2.40805,8.66977,5.84367,11.4959,8.30344,19.3862,11.0791,6.71662e-10,,100,3.74326,0.000181651,-1,
columnar_active_fraction,randmat,decorr,10,0.135714,0.0503861,0.0853282,0.08109,0.0895664,2.69349,19.0401,13.0749,25.0053,18.2356,42.5749,16.5043,2.60355e-18,,100,3.74608,0.000179623,-1,
fanbody_active_fraction,rest,flow,10,0.000332779,0.243428,-0.243095,-0.248231,-0.237959,0.00136705,-47.5825,-62.3542,-32.8107,-45.5719,-106.398,9.38995,8.63715e-16,,0,-3.92951,8.51193e-05,1,
fanbody_active_fraction,rest,self,10,0.000332779,0.148752,-0.148419,-0.152836,-0.144003,0.00223714,-33.7145,-44.1993,-23.2298,-32.29,-75.3879,9.52896,1.49207e-14,,0,-3.92626,8.62786e-05,1,0.000249938
fanbody_active_fraction,rest,shuffle,10,0.000332779,0.233611,-0.233278,-0.23807,-0.228486,0.0014245,-48.8922,-64.0691,-33.7153,-46.8263,-109.326,9.44845,5.57639e-16,,0,-3.92626,8.62786e-05,1,
fanbody_active_fraction,rest,randmat,10,0.000332779,0.220965,-0.220632,-0.224117,-0.217147,0.00150603,-63.2132,-82.8224,-43.604,-60.5422,-141.349,9.85517,1.25317e-17,,0,-3.93114,8.45441e-05,1,
fanbody_active_fraction,rest,decorr,10,0.000332779,0.149251,-0.148919,-0.152182,-0.145655,0.00222965,-45.484,-59.6066,-31.3614,-43.5622,-101.705,9.97751,2.21429e-16,,0,-3.93277,8.39719e-05,1,
fanbody_active_fraction,flow,self,10,0.243428,0.148752,0.0946755,0.0884065,0.100945,1.63646,14.2127,9.72185,18.7035,13.6122,31.7806,17.5963,5.43711e-17,1.63113e-16,100,3.75032,0.000176611,-1,0.000249938
fanbody_active_fraction,flow,shuffle,10,0.243428,0.233611,0.009817,0.00332164,0.0163124,1.04202,1.42054,0.439677,2.4014,1.36051,3.17642,17.9126,0.00525048,,83,2.47168,0.0134479,-0.66,
fanbody_active_fraction,flow,randmat,10,0.243428,0.220965,0.0224626,0.0166758,0.0282494,1.10166,3.68409,2.24473,5.12345,3.52842,8.23788,15.787,4.16513e-07,,100,3.75457,0.000173637,-1,
fanbody_active_fraction,flow,decorr,10,0.243428,0.149251,0.0941763,0.0884858,0.0998668,1.63099,15.7589,10.7972,20.7206,15.0931,35.238,15.1835,5.57151e-16,,100,3.756,0.000172654,-1,
fanbody_active_fraction,self,shuffle,10,0.148752,0.233611,-0.0848585,-0.0908803,-0.0788367,0.636753,-13.2466,-17.4443,-9.049,-12.6869,-29.6204,17.8783,1.20365e-16,2.40729e-16,0,-3.74749,0.000178614,1,0.000249938
fanbody_active_fraction,self,randmat,10,0.148752,0.220965,-0.0722129,-0.0774188,-0.067007,0.673193,-13.0855,-17.2343,-8.93667,-12.5326,-29.26,17.0478,5.1578e-16,,0,-3.75173,0.000175616,1,0.000249938
fanbody_active_fraction,self,decorr,10,0.148752,0.149251,-0.0004992,-0.00559074,0.00459234,0.996655,-0.092712,-0.969705,0.784281,-0.0887946,-0.20731,16.5255,0.838301,0.838301,48.5,-0.0764014,0.9391,0.03,0.856036
fanbody_active_fraction,shuffle,randmat,10,0.233611,0.220965,0.0126456,0.00714142,0.0181498,1.05723,2.17383,1.06834,3.27933,2.08198,4.86084,16.3964,0.000162109,,94,3.30072,0.00096436,-0.88,
fanbody_active_fraction,shuffle,decorr,10,0.233611,0.149251,0.0843593,0.0789596,0.089759,1.56522,14.8256,10.1483,19.5029,14.1992,33.1511,15.8115,4.8606e-16,,100,3.75315,0.000174624,-1,
fanbody_active_fraction,randmat,decorr,10,0.220965,0.149251,0.0717137,0.067326,0.0761014,1.48049,15.3614,10.5209,20.2019,14.7123,34.3491,17.9193,8.32329e-18,,100,3.75742,0.000171675,-1,
other_active_fraction,rest,flow,10,0.0769648,0.521951,-0.444986,-0.452877,-0.437095,0.147456,-56.3575,-73.8445,-38.8705,-53.9762,-126.019,9.78541,4.86805e-17,,0,-3.79795,0.0001459,1,
other_active_fraction,rest,self,10,0.0769648,0.458808,-0.381843,-0.394318,-0.369368,0.16775,-30.8078,-40.3952,-21.2204,-29.506,-68.8883,9.31117,6.28325e-14,,0,-3.79648,0.000146767,1,0.000249938
other_active_fraction,rest,shuffle,10,0.0769648,0.539566,-0.462601,-0.471017,-0.454186,0.142642,-55.0129,-72.0838,-37.942,-52.6884,-123.013,9.68921,8.40616e-17,,0,-3.79648,0.000146767,1,
other_active_fraction,rest,randmat,10,0.0769648,0.505691,-0.428726,-0.436979,-0.420473,0.152197,-51.9695,-68.0986,-35.8405,-49.7736,-116.207,9.71709,1.33525e-16,,0,-3.79648,0.000146767,1,
other_active_fraction,rest,decorr,10,0.0769648,0.45935,-0.382385,-0.397305,-0.367465,0.167552,-25.8353,-33.8894,-17.7812,-24.7437,-57.7695,9.21712,4.07818e-13,,0,-3.79942,0.000145036,1,
other_active_fraction,flow,self,10,0.521951,0.458808,0.0631433,0.049318,0.0769686,1.13762,4.34963,2.74177,5.9575,4.16585,9.72607,15.1567,6.55879e-08,1.31176e-07,100,3.74608,0.000179623,-1,0.000249938
other_active_fraction,flow,shuffle,10,0.521951,0.539566,-0.0176152,-0.0282414,-0.00698902,0.967353,-1.558,-2.55871,-0.557301,-1.49217,-3.4838,17.9232,0.00266404,,13.5,-2.72853,0.00636165,0.73,
other_active_fraction,flow,randmat,10,0.521951,0.505691,0.01626,0.00574642,0.0267736,1.03215,1.45332,0.467855,2.43878,1.39191,3.24971,17.9626,0.00445754,,86,2.69166,0.00710984,-0.72,
other_active_fraction,flow,decorr,10,0.521951,0.45935,0.0626013,0.0466185,0.0785841,1.13628,3.76688,2.30709,5.22667,3.60772,8.423,13.6157,9.12639e-07,,100,3.7489,0.000177611,-1,
other_active_fraction,self,shuffle,10,0.458808,0.539566,-0.0807585,-0.0948103,-0.0667067,0.850327,-5.4558,-7.36024,-3.55136,-5.22528,-12.1995,15.7455,1.95794e-09,5.87381e-09,0,-3.74466,0.000180635,1,0.000249938
other_active_fraction,self,randmat,10,0.458808,0.505691,-0.0468833,-0.0608629,-0.0329037,0.907289,-3.18666,-4.50709,-1.86624,-3.05202,-7.12559,15.5674,2.81356e-06,,0.5,-3.70824,0.000208708,0.99,0.000249938
other_active_fraction,self,decorr,10,0.458808,0.45935,-0.000542,-0.0185938,0.0175098,0.99882,-0.0282743,-0.904841,0.848292,-0.0270796,-0.0632233,17.4466,0.950307,0.950307,48,-0.113775,0.909416,0.04,0.966758
other_active_fraction,shuffle,randmat,10,0.539566,0.505691,0.0338752,0.0230172,0.0447332,1.06699,2.93137,1.66902,4.19372,2.80751,6.55474,17.9929,3.69963e-06,,98.5,3.63256,0.000280625,-0.97,
other_active_fraction,shuffle,decorr,10,0.539566,0.45935,0.0802165,0.0640528,0.0963802,1.17463,4.75534,3.0407,6.46998,4.55441,10.6333,14.153,3.91083e-08,,100,3.74749,0.000178614,-1,
other_active_fraction,randmat,decorr,10,0.505691,0.45935,0.0463413,0.0302354,0.0624472,1.10088,2.76008,1.53538,3.98478,2.64346,6.17173,13.9864,2.43811e-05,,98.5,3.6353,0.000277659,-0.97,
pair_corr,rest,flow,10,-1.76418e-05,0.00317115,-0.00318879,-0.00463159,-0.001746,-0.00556321,-2.23542,-3.35264,-1.11819,-2.14096,-4.99855,9.01378,0.000737028,,0,-3.92301,8.74499e-05,1,
pair_corr,rest,self,10,-1.76418e-05,0.00351204,-0.00352968,-0.00541341,-0.00164596,-0.00502323,-1.89539,-2.95052,-0.840254,-1.8153,-4.23821,9.00808,0.00217564,,9,-3.20973,0.00132858,0.82,0.000249938
pair_corr,rest,shuffle,10,-1.76418e-05,0.00479417,-0.00481181,-0.00665695,-0.00296667,-0.00367985,-2.63788,-3.83645,-1.43932,-2.52642,-5.89848,9.00842,0.000228663,,0,-3.92301,8.74499e-05,1,
pair_corr,rest,randmat,10,-1.76418e-05,0.00419491,-0.00421256,-0.00582647,-0.00259864,-0.00420552,-2.64011,-3.83915,-1.44108,-2.52856,-5.90348,9.01101,0.000226995,,0,-3.92301,8.74499e-05,1,
pair_corr,rest,decorr,10,-1.76418e-05,0.00158555,-0.00160319,-0.00253296,-0.000673415,-0.0111266,-1.74342,-2.77308,-0.713762,-1.66975,-3.89841,9.03319,0.00360268,,20,-2.33795,0.0193896,0.6,
pair_corr,flow,self,10,0.00317115,0.00351204,-0.000340891,-0.00255508,0.00187329,0.902937,-0.14536,-1.02304,0.732319,-0.139218,-0.325034,16.8555,0.749155,0.749155,47,-0.188982,0.850107,0.06,0.751312
pair_corr,flow,shuffle,10,0.00317115,0.00479417,-0.00162302,-0.00380719,0.000561158,0.66146,-0.701091,-1.60414,0.201957,-0.671468,-1.56769,17.0105,0.135367,,35,-1.0961,0.273036,0.3,
pair_corr,flow,randmat,10,0.00317115,0.00419491,-0.00102376,-0.0030358,0.000988274,0.755952,-0.478494,-1.36747,0.410483,-0.458276,-1.06994,17.7784,0.298956,,35,-1.0961,0.273036,0.3,
pair_corr,flow,decorr,10,0.00317115,0.00158555,0.00158561,-2.78902e-05,0.0031991,2.00004,0.934757,0.0116074,1.85791,0.89526,2.09018,15.3737,0.0536076,,74,1.77643,0.0756616,-0.48,
pair_corr,self,shuffle,10,0.00351204,0.00479417,-0.00128213,-0.00373089,0.00116663,0.732565,-0.491952,-1.38163,0.39773,-0.471166,-1.10004,17.9923,0.285816,0.571632,37,-0.944911,0.344704,0.26,0.285429
pair_corr,self,randmat,10,0.00351204,0.00419491,-0.000682871,-0.00299028,0.00162453,0.837214,-0.278531,-1.15929,0.602232,-0.266762,-0.622813,17.5862,0.5414,,44,-0.415761,0.677585,0.12,0.540115
pair_corr,self,decorr,10,0.00351204,0.00158555,0.0019265,-7.72517e-05,0.00393025,2.21504,0.92791,0.00542406,1.8504,0.888703,2.07487,13.1375,0.0581929,0.174579,72,1.62525,0.10411,-0.44,0.0542364
pair_corr,shuffle,randmat,10,0.00479417,0.00419491,0.000599255,-0.00168006,0.00287857,1.14285,0.247334,-0.632533,1.1272,0.236884,0.553056,17.6865,0.587148,,58,0.566947,0.57075,-0.16,
pair_corr,shuffle,decorr,10,0.00479417,0.00158555,0.00320862,0.00124011,0.00517713,3.02367,1.57129,0.568592,2.57399,1.5049,3.51351,13.2917,0.00369739,,90,2.98592,0.00282727,-0.8,
pair_corr,randmat,decorr,10,0.00419491,0.00158555,0.00260937,0.000848106,0.00437063,2.64572,1.41755,0.437102,2.39799,1.35765,3.16973,14.3792,0.0066295,,80,2.22999,0.0257481,-0.6,
tau_ms,rest,flow,10,34.8274,203.243,-168.416,-182.481,-154.351,0.171358,-12.0041,-15.826,-8.18218,-11.4969,-26.842,9.57474,2.46303e-10,,0,-3.74185,0.000182672,1,
tau_ms,rest,self,10,34.8274,173.541,-138.713,-158.549,-118.877,0.200687,-7.04124,-9.39278,-4.68971,-6.74373,-15.7447,9.2872,5.18982e-08,,0,-3.74185,0.000182672,1,0.000249938
tau_ms,rest,shuffle,10,34.8274,200.205,-165.378,-179.559,-151.197,0.173958,-11.693,-15.4211,-7.96484,-11.1989,-26.1463,9.56529,3.20841e-10,,0,-3.74185,0.000182672,1,
tau_ms,rest,randmat,10,34.8274,67.1317,-32.3044,-38.0168,-26.592,0.518792,-5.47856,-7.38926,-3.56786,-5.24707,-12.2504,12.6618,2.16954e-08,,0,-3.74185,0.000182672,1,
tau_ms,rest,decorr,10,34.8274,145.318,-110.491,-126.045,-94.9365,0.239663,-7.13259,-9.51041,-4.75477,-6.83121,-15.949,9.46891,3.69334e-08,,0,-3.74185,0.000182672,1,
tau_ms,flow,self,10,203.243,173.541,29.7027,7.03611,52.3693,1.17116,1.24113,0.283935,2.19833,1.18869,2.77526,16.1942,0.0134003,0.0402008,84,2.53236,0.0113297,-0.68,0.011997
tau_ms,flow,shuffle,10,203.243,200.205,3.0378,-15.3901,21.4657,1.01517,0.154885,-0.722951,1.03272,0.148341,0.346334,17.9988,0.733108,,56,0.415761,0.677585,-0.12,
tau_ms,flow,randmat,10,203.243,67.1317,136.111,121.629,150.594,3.02753,9.1889,6.20944,12.1684,8.80064,20.547,11.646,1.64381e-10,,100,3.74185,0.000182672,-1,
tau_ms,flow,decorr,10,203.243,145.318,57.9251,38.55,77.3002,1.39861,2.81106,1.57527,4.04685,2.69228,6.28571,17.8162,6.61658e-06,,99,3.66626,0.000246128,-0.98,
tau_ms,self,shuffle,10,173.541,200.205,-26.6649,-49.3867,-3.94315,0.866812,-1.1111,-2.05283,-0.169372,-1.06415,-2.4845,16.2657,0.0242184,0.042006,19,-2.30558,0.0211339,0.62,0.0187453
tau_ms,self,randmat,10,173.541,67.1317,106.409,86.3062,126.511,2.58507,5.25087,3.40258,7.09916,5.029,11.7413,10.3435,2.61655e-07,,100,3.74185,0.000182672,-1,0.000249938
tau_ms,self,decorr,10,173.541,145.318,28.2224,4.80851,51.6363,1.19421,1.13723,0.192513,2.08195,1.08918,2.54293,17.0157,0.021003,0.042006,79,2.1544,0.031209,-0.58,0.0182454
tau_ms,shuffle,randmat,10,200.205,67.1317,133.074,118.48,147.667,2.98228,8.91906,6.01942,11.8187,8.5422,19.9436,11.6042,2.43747e-10,,100,3.74185,0.000182672,-1,
tau_ms,shuffle,decorr,10,200.205,145.318,54.8873,35.4416,74.333,1.3777,2.65366,1.45176,3.85556,2.54153,5.93377,17.8445,1.33807e-05,,100,3.74185,0.000182672,-1,
tau_ms,randmat,decorr,10,67.1317,145.318,-78.1864,-94.1051,-62.2676,0.461964,-4.82535,-6.55867,-3.09203,-4.62146,-10.7898,11.1741,2.99202e-07,,0,-3.74185,0.000182672,1,
dim,rest,flow,10,22.6496,44.2742,-21.6246,-24.026,-19.2232,0.511576,-8.90049,-11.7946,-6.00632,-8.52441,-19.9021,10.6396,9.22962e-10,,0,-3.74185,0.000182672,1,
dim,rest,self,10,22.6496,37.5896,-14.94,-17.5103,-12.3697,0.602549,-5.76,-7.74861,-3.7714,-5.51662,-12.8798,10.4255,9.80165e-08,,0,-3.74185,0.000182672,1,0.000249938
dim,rest,shuffle,10,22.6496,44.4342,-21.7846,-23.7208,-19.8484,0.509733,-11.0096,-14.5322,-7.48696,-10.5444,-24.6182,11.5607,2.38589e-11,,0,-3.74185,0.000182672,1,
dim,rest,randmat,10,22.6496,50.0966,-27.447,-29.8958,-24.9982,0.452119,-11.0867,-14.6325,-7.54092,-10.6183,-24.7906,10.5748,1.03492e-10,,0,-3.74185,0.000182672,1,
dim,rest,decorr,10,22.6496,38.5035,-15.8539,-18.1203,-13.5876,0.588247,-6.89741,-9.20763,-4.58718,-6.60597,-15.4231,10.8476,1.00938e-08,,0,-3.74185,0.000182672,1,
dim,flow,self,10,44.2742,37.5896,6.68457,3.47825,9.89089,1.17783,1.95951,0.893189,3.02583,1.87671,4.3816,17.9101,0.00036369,0.000727379,94,3.28829,0.00100798,-0.88,0.000249938
dim,flow,shuffle,10,44.2742,44.4342,-0.16004,-2.96136,2.64128,0.996398,-0.0538731,-0.930555,0.822808,-0.0515968,-0.120464,17.1309,0.905517,,47,-0.188982,0.850107,0.06,
dim,flow,randmat,10,44.2742,50.0966,-5.8224,-8.94414,-2.70066,0.883777,-1.75244,-2.78357,-0.721314,-1.6784,-3.91858,17.9925,0.00100754,,9,-3.06151,0.00220222,0.82,
dim,flow,decorr,10,44.2742,38.5035,5.77066,2.77018,8.77114,1.14987,1.80748,0.767271,2.8477,1.73111,4.04166,17.9337,0.000770415,,87,2.75914,0.00579536,-0.74,
dim,self,shuffle,10,37.5896,44.4342,-6.84461,-9.78111,-3.90811,0.845961,-2.20341,-3.31451,-1.0923,-2.1103,-4.92697,16.5908,0.000136821,0.000410462,3,-3.51507,0.000439639,0.94,0.000249938
dim,self,randmat,10,37.5896,50.0966,-12.507,-15.7437,-9.27024,0.750343,-3.6312,-5.05759,-2.20481,-3.47777,-8.11961,17.9543,2.01902e-07,,0,-3.74185,0.000182672,1,0.000249938
dim,self,decorr,10,37.5896,38.5035,-0.91391,-4.03642,2.2086,0.976264,-0.275334,-1.156,0.605332,-0.2637,-0.615665,17.6959,0.545953,0.545953,46,-0.264575,0.791337,0.08,0.555861
dim,shuffle,randmat,10,44.4342,50.0966,-5.66236,-8.50118,-2.82354,0.886971,-1.88213,-2.93498,-0.829283,-1.80261,-4.20858,16.984,0.000591689,,7,-3.2127,0.00131494,0.86,
dim,shuffle,decorr,10,44.4342,38.5035,5.9307,3.23397,8.62743,1.15403,2.07042,0.984159,3.15668,1.98294,4.6296,17.5132,0.000222633,,91,3.06151,0.00220222,-0.82,
dim,randmat,decorr,10,50.0966,38.5035,11.5931,8.55887,14.6273,1.30109,3.59158,2.17485,5.0083,3.43982,8.03101,17.8822,2.42895e-07,,100,3.74185,0.000182672,-1,
pop_rate_sd_hz,rest,flow,10,0.0486736,1.28368,-1.23501,-1.27916,-1.19085,0.0379172,-28.2761,-37.0825,-19.4697,-27.0813,-63.2272,9.0461,2.77111e-13,,0,-3.74185,0.000182672,1,
pop_rate_sd_hz,rest,self,10,0.0486736,0.9532,-0.904526,-0.944694,-0.864359,0.0510633,-22.7601,-29.8677,-15.6526,-21.7984,-50.8932,9.05571,1.91892e-12,,0,-3.74185,0.000182672,1,0.000249938
pop_rate_sd_hz,rest,shuffle,10,0.0486736,1.27577,-1.22709,-1.26006,-1.19413,0.0381525,-37.6047,-49.2912,-25.9182,-36.0157,-84.0866,9.08276,1.89843e-14,,0,-3.74185,0.000182672,1,
pop_rate_sd_hz,rest,randmat,10,0.0486736,1.21399,-1.16532,-1.2117,-1.11894,0.0400938,-25.3997,-33.3197,-17.4798,-24.3265,-56.7955,9.04177,7.37626e-13,,0,-3.74185,0.000182672,1,
pop_rate_sd_hz,rest,decorr,10,0.0486736,0.919566,-0.870892,-0.908202,-0.833582,0.052931,-23.5889,-30.9514,-16.2264,-22.5922,-52.7465,9.06459,1.35987e-12,,0,-3.74185,0.000182672,1,
pop_rate_sd_hz,flow,self,10,1.28368,0.9532,0.33048,0.27504,0.38592,1.34671,5.60433,3.65891,7.54974,5.36752,12.5317,17.841,2.80479e-10,5.60959e-10,100,3.74185,0.000182672,-1,0.000249938
pop_rate_sd_hz,flow,shuffle,10,1.28368,1.27577,0.007915,-0.0435244,0.0593544,1.0062,0.145414,-0.732266,1.02309,0.13927,0.325155,16.6523,0.749113,,58,0.566947,0.57075,-0.16,
pop_rate_sd_hz,flow,randmat,10,1.28368,1.21399,0.069687,0.0102327,0.129141,1.0574,1.10146,0.160821,2.0421,1.05492,2.46294,17.9564,0.0241174,,80,2.22999,0.0257481,-0.6,
pop_rate_sd_hz,flow,decorr,10,1.28368,0.919566,0.364114,0.310353,0.417875,1.39596,6.37624,4.21458,8.53791,6.10683,14.2577,17.5116,4.4974e-11,,100,3.74185,0.000182672,-1,
pop_rate_sd_hz,self,shuffle,10,0.9532,1.27577,-0.322565,-0.370922,-0.274208,0.74716,-6.28451,-8.42022,-4.1488,-6.01897,-14.0526,17.3385,6.55522e-11,1.96657e-10,0,-3.74185,0.000182672,1,0.000249938
pop_rate_sd_hz,self,randmat,10,0.9532,1.21399,-0.260793,-0.317831,-0.203755,0.785178,-4.30223,-5.8978,-2.70666,-4.12044,-9.62007,17.6392,1.94552e-08,,0,-3.74185,0.000182672,1,0.000249938
pop_rate_sd_hz,self,decorr,10,0.9532,0.919566,0.0336343,-0.017267,0.0845356,1.03658,0.621081,-0.276325,1.51849,0.594838,1.38878,17.9026,0.181937,0.181937,73,1.70084,0.088973,-0.46,0.196451
pop_rate_sd_hz,shuffle,randmat,10,1.27577,1.21399,0.061772,0.00854281,0.115001,1.05088,1.09888,0.158531,2.03923,1.05245,2.45717,16.2405,0.0256089,,79,2.1544,0.031209,-0.58,
pop_rate_sd_hz,shuffle,decorr,10,1.27577,0.919566,0.356199,0.309947,0.402452,1.38736,7.24361,4.83377,9.65345,6.93754,16.1972,17.7303,4.55753e-12,,100,3.74185,0.000182672,-1,
pop_rate_sd_hz,randmat,decorr,10,1.21399,0.919566,0.294427,0.238992,0.349862,1.32018,5.00671,3.22468,6.78875,4.79516,11.1953,17.2081,2.52505e-09,,100,3.74185,0.000182672,-1,
bumpR,rest,flow,10,0,0.227021,-0.227021,-0.24183,-0.212213,0,-15.5093,-20.3949,-10.6238,-14.854,-34.6799,9,6.80647e-11,,0,-3.99806,6.38644e-05,1,
bumpR,rest,self,10,0,0.351101,-0.351101,-0.37446,-0.327742,0,-15.2063,-19.9996,-10.4131,-14.5638,-34.0024,9,8.1191e-11,,0,-3.99806,6.38644e-05,1,0.000249938
bumpR,rest,shuffle,10,0,0.243215,-0.243215,-0.258995,-0.227435,0,-15.5928,-20.5039,-10.6818,-14.934,-34.8667,9,6.48744e-11,,0,-3.99806,6.38644e-05,1,
bumpR,rest,randmat,10,0,0.215393,-0.215393,-0.233939,-0.196847,0,-11.7496,-15.4948,-8.00444,-11.2532,-26.273,9,8.09592e-10,,0,-3.99806,6.38644e-05,1,
bumpR,rest,decorr,10,0,0.337346,-0.337346,-0.367639,-0.307054,0,-11.2663,-14.866,-7.66653,-10.7902,-25.1921,9,1.17617e-09,,0,-3.99806,6.38644e-05,1,
bumpR,flow,self,10,0.227021,0.351101,-0.12408,-0.150105,-0.0980545,0.646599,-4.5387,-6.196,-2.88141,-4.34693,-10.1489,15.2284,3.5699e-08,1.07097e-07,0,-3.74185,0.000182672,1,0.000249938
bumpR,flow,shuffle,10,0.227021,0.243215,-0.0161934,-0.0362969,0.00391014,0.933419,-0.757035,-1.66441,0.150341,-0.725047,-1.69278,17.9278,0.107802,,26,-1.77643,0.0756616,0.48,
bumpR,flow,randmat,10,0.227021,0.215393,0.0116286,-0.0104901,0.0337473,1.05399,0.495701,-0.394181,1.38558,0.474756,1.10842,17.1595,0.282975,,62,0.869318,0.384673,-0.24,
bumpR,flow,decorr,10,0.227021,0.337346,-0.110325,-0.142508,-0.0781409,0.672963,-3.31013,-4.65941,-1.96085,-3.17026,-7.40167,13.0692,5.02285e-06,,0,-3.74185,0.000182672,1,
bumpR,self,shuffle,10,0.351101,0.243215,0.107886,0.0814423,0.13433,1.44358,3.87188,2.38594,5.35783,3.70828,8.6578,15.7987,2.16107e-07,4.32214e-07,100,3.74185,0.000182672,-1,0.000249938
bumpR,self,randmat,10,0.351101,0.215393,0.135708,0.107906,0.16351,1.63005,4.60314,2.92887,6.27742,4.40865,10.2929,17.1201,9.44081e-09,,100,3.74185,0.000182672,-1,0.000249938
bumpR,self,decorr,10,0.351101,0.337346,0.0137548,-0.0219365,0.0494461,1.04077,0.363775,-0.519968,1.24752,0.348404,0.813425,16.9072,0.427282,0.427282,56,0.415761,0.677585,-0.12,0.427143
bumpR,shuffle,randmat,10,0.243215,0.215393,0.027822,0.00516542,0.0504786,1.12917,1.15589,0.209001,2.10279,1.10705,2.58466,17.5501,0.0189485,,78,2.0788,0.0376353,-0.56,
bumpR,shuffle,decorr,10,0.243215,0.337346,-0.0941313,-0.126616,-0.0616461,0.720965,-2.78808,-4.01885,-1.5573,-2.67027,-6.23433,13.5494,2.53029e-05,,0,-3.74185,0.000182672,1,
bumpR,randmat,decorr,10,0.215393,0.337346,-0.121953,-0.155436,-0.0884704,0.638492,-3.47356,-4.86173,-2.08538,-3.32679,-7.76711,14.9156,1.28262e-06,,0,-3.74185,0.000182672,1,
