arm,trial,pool_rate_hz,injected_events,cx_rate_hz,cx_active_fraction,ring_rate_hz,columnar_rate_hz,fanbody_rate_hz,other_rate_hz,ring_active_fraction,columnar_active_fraction,fanbody_active_fraction,other_active_fraction,pair_corr,tau_ms,dim,pop_rate_sd_hz,bumpR
rest,0,21.616,0,0.252652,0.0139826,0,0,0,1.42005,0,0,0,0.0785908,0,36.8728,22.7561,0.0434551,0
rest,1,21.4926,0,0.24558,0.0125362,0,0,0.00110926,1.3785,0,0,0.00166389,0.0677507,0,36.954,21.737,0.048083,0
rest,2,21.6229,0,0.252973,0.0144648,0,0,0,1.42186,0,0,0,0.0813008,0,26.2849,24.7707,0.0439213,0
rest,3,21.5401,0,0.248795,0.0135005,0,0,0,1.39837,0,0,0,0.0758808,0,32.0697,22.3171,0.0471663,0
rest,4,21.544,0,0.255223,0.0135005,0,0,0,1.43451,0,0,0,0.0758808,0,34.8462,22.5788,0.045788,0
rest,5,21.485,0,0.252652,0.0135005,0,0,0,1.42005,0,0,0,0.0758808,0,37.6746,20.7399,0.0504681,0
rest,6,21.4942,0,0.258438,0.0135005,0,0,0,1.45257,0,0,0,0.0758808,0,37.6329,23.0312,0.0523227,0
rest,7,21.5961,0,0.243973,0.0135005,0,0,0,1.37127,0,0,0,0.0758808,0,38.2784,23.3504,0.0477501,0
rest,8,21.5526,0,0.25233,0.0135005,0,0,0,1.41825,0,0,0,0.0758808,0,37.2613,18.7788,0.0559816,0
rest,9,21.5002,0,0.254902,0.0130183,0,0,0,1.4327,0,0,0,0.0731707,0,34.3544,21.1518,0.0510526,0
flow,0,72.1494,589648,6.06943,0.246866,25.6373,0.918276,6.15641,16.7841,0.852941,0.105212,0.252912,0.523035,0.00468241,216.078,46.8096,1.22948,0.226522
flow,1,72.1392,589685,6.01093,0.250723,24.4804,0.981339,6.20521,16.4119,0.897059,0.116795,0.24792,0.512195,0.00446888,237.945,44.6768,1.33274,0.260282
flow,2,72.1833,588973,6.02025,0.249277,24.5784,0.994209,6.14753,16.5041,0.867647,0.119691,0.242928,0.509485,0.00481634,212.946,41.6191,1.32328,0.27294
flow,3,72.1708,589350,5.93957,0.24783,24.3824,0.91184,6.17305,16.2764,0.897059,0.108108,0.242928,0.528455,0.00811874,223.704,39.5223,1.40523,0.284806
flow,4,72.1992,589051,6.10093,0.247348,25.6275,0.97426,6.14975,16.8166,0.867647,0.110039,0.241265,0.528455,0.00482259,155.093,47.1221,1.2631,0.243734
flow,5,72.2766,590986,6.0135,0.251688,25.0294,0.947877,6.18081,16.4589,0.911765,0.116795,0.246256,0.517615,0.00701053,205.892,39.7653,1.31909,0.207073
flow,6,72.1155,589638,5.99743,0.254098,24.7745,0.990991,6.10427,16.4192,0.926471,0.120656,0.241265,0.525745,0.00393283,227.104,45.2132,1.33175,0.265036
flow,7,72.503,592202,6.21858,0.251205,25.5294,1.07722,6.35829,16.8672,0.852941,0.111969,0.252912,0.528455,0.00217527,181.317,46.2601,1.27571,0.216955
flow,8,72.3193,590364,6.07843,0.249277,24.8235,0.983269,6.31503,16.5438,0.867647,0.1139,0.242928,0.525745,0.0050054,230.328,48.5461,1.29853,0.258712
flow,9,72.2029,589569,6.21151,0.262295,25.2941,1.10425,6.37826,16.7624,0.867647,0.126448,0.24792,0.555556,0.0030236,150.568,41.7315,1.36556,0.214631
self,0,70.4408,589310,3.97075,0.181292,19.9804,0.382883,3.52191,11.8248,0.838235,0.0434363,0.154742,0.490515,0.00199871,192.577,39.7793,0.986914,0.282657
self,1,70.5099,589365,3.85535,0.186596,19.1961,0.353925,3.4853,11.4616,0.852941,0.0530888,0.159734,0.482385,0.000844865,226.928,41.0467,0.962453,0.356847
self,2,70.3843,588740,3.90871,0.187078,19.4216,0.368082,3.42984,11.7706,0.838235,0.0569498,0.156406,0.482385,0.0015244,222.799,37.7239,1.01868,0.341815
self,3,70.6565,590949,4.14208,0.183221,21.4412,0.460103,3.51303,12.3162,0.838235,0.0492278,0.153078,0.487805,0.00296166,183.552,38.5074,1.0082,0.242342
self,4,70.5537,591002,3.98136,0.187078,20.1471,0.394466,3.46312,11.9169,0.823529,0.0521236,0.168053,0.479675,0.00297563,245.041,41.2881,0.978402,0.319361
self,5,70.4604,589899,3.86757,0.188042,18.8922,0.3713,3.52302,11.4761,0.867647,0.0588803,0.161398,0.468835,0.00331705,174.984,36.9561,1.03384,0.338018
self,6,70.3027,589503,3.7361,0.175988,18.2157,0.331403,3.36439,11.2322,0.838235,0.050193,0.144759,0.457995,0.00125902,154.009,35.4694,0.942861,0.36049
self,7,70.521,590851,3.78528,0.178881,18.7549,0.32175,3.42207,11.3424,0.838235,0.050193,0.144759,0.474255,0.00204529,220.466,41.6597,0.891986,0.325602
self,8,70.3792,590387,3.53166,0.16972,16.2157,0.263192,3.34221,10.6793,0.808824,0.046332,0.153078,0.425474,0.00509802,156.839,38.0216,0.878078,0.382655
self,9,70.3326,589764,3.90968,0.185632,19.902,0.371943,3.38214,11.7543,0.852941,0.0521236,0.15807,0.482385,0.0017009,197.532,38.1025,0.998141,0.31075
shuffle,0,71.0991,589255,6.07972,0.253134,25.7745,1.03797,6.02884,16.6883,0.882353,0.118726,0.237937,0.539295,0.00287913,199.17,43.3496,1.26187,0.271163
shuffle,1,71.0348,589992,6.29444,0.269527,28.098,1.14672,6.10538,17.037,0.926471,0.132239,0.249584,0.566396,0.00262046,216.904,41.7028,1.28657,0.231626
shuffle,2,71.047,589330,6.15526,0.25892,26.7353,1.03475,5.99778,16.9955,0.911765,0.127413,0.237937,0.542005,0.00315787,180.231,42.0245,1.34171,0.259466
shuffle,3,71.0844,590492,6.21633,0.259402,26.8529,1.07979,6.12756,16.9792,0.867647,0.128378,0.242928,0.542005,0.00806241,186.245,41.7383,1.30448,0.194836
shuffle,4,71.3068,591413,6.17872,0.257956,27.3039,0.996139,5.99778,17.131,0.897059,0.120656,0.244592,0.547425,0.00477489,190.002,42.8973,1.33304,0.256645
shuffle,5,71.0924,590126,6.14754,0.25892,27.1177,0.993565,5.99556,17.0009,0.897059,0.125483,0.241265,0.544715,0.00314726,194.415,41.365,1.30055,0.252173
shuffle,6,71.0318,589892,6.14208,0.251688,26.2745,1.06564,6.1076,16.7407,0.897059,0.11583,0.237937,0.536585,0.00209783,194.154,49.546,1.24227,0.199122
shuffle,7,71.0609,590472,6.18065,0.255545,27,1.00386,6.04992,17.0912,0.882353,0.121622,0.237937,0.544715,0.00175125,182.513,41.9493,1.30709,0.249627
shuffle,8,71.355,591487,6.19222,0.259884,26.6078,1.0399,6.09429,17.0551,0.897059,0.124517,0.242928,0.550135,0.00601114,189.515,41.5271,1.38255,0.219287
shuffle,9,71.0641,591443,6.16586,0.25217,26.6667,1.03153,6.14975,16.8293,0.867647,0.116795,0.24792,0.525745,0.00196439,239.979,44.8367,1.27773,0.211834
randmat,0,71.3746,588725,3.99968,0.235294,19.5784,0.787645,3.39545,11.131,0.867647,0.120656,0.211314,0.479675,0.00463063,187.818,36.041,1.1268,0.390336
randmat,1,71.6247,589479,3.78656,0.219383,17.549,0.75547,3.37216,10.4354,0.808824,0.1139,0.199667,0.439024,0.00146645,164.053,33.0532,1.06639,0.466029
randmat,2,71.4952,589815,3.94986,0.233365,18.6667,0.78314,3.42984,10.9756,0.823529,0.123552,0.199667,0.487805,0.00515861,190.867,34.0595,1.13766,0.41534
randmat,3,71.5761,590601,3.91964,0.24108,19.1667,0.774132,3.37105,10.8347,0.852941,0.129344,0.209651,0.493225,0.0060611,196.757,30.5492,1.22171,0.428075
randmat,4,71.6021,588541,3.74831,0.222276,17.6765,0.689833,3.37216,10.3812,0.823529,0.110039,0.206323,0.452575,0.00353065,166.692,37.2314,1.02921,0.454959
randmat,5,71.4859,588440,3.82996,0.232883,18.2451,0.743887,3.32113,10.6667,0.852941,0.124517,0.206323,0.466125,0.00675338,166.552,33.9139,1.0715,0.416169
randmat,6,71.639,589583,3.97396,0.229508,19.1667,0.778636,3.42651,11.037,0.867647,0.119691,0.198003,0.471545,0.0036263,166.24,34.118,1.14596,0.397263
randmat,7,71.6203,590131,3.76953,0.224687,17.7647,0.719434,3.30671,10.5077,0.823529,0.1139,0.201331,0.463415,0.00491723,205.094,35.6667,1.07919,0.43624
randmat,8,71.5456,590801,3.76535,0.228544,17.9608,0.713642,3.28564,10.4986,0.867647,0.125483,0.206323,0.436314,0.00859833,165.128,36.1523,1.00461,0.387628
randmat,9,71.7446,590508,3.86339,0.222276,18.1078,0.747104,3.41209,10.7227,0.823529,0.116795,0.201331,0.441734,0.00445866,204.53,37.0116,1.05539,0.402491
decorr,0,70.2471,589360,3.87914,0.178881,19.2157,0.36036,3.46312,11.6098,0.823529,0.0550193,0.146423,0.460705,0.00157609,187.806,38.2802,0.950359,0.333871
decorr,1,70.5023,590180,3.81228,0.181292,18.402,0.359717,3.50416,11.3189,0.838235,0.0540541,0.151414,0.466125,0.00303625,196.858,38.6373,0.940326,0.346028
decorr,2,70.3896,589550,3.73899,0.186596,17.9118,0.34749,3.43317,11.1472,0.852941,0.0588803,0.151414,0.479675,0.00271869,193.933,35.4507,0.978985,0.382711
decorr,3,70.127,589504,3.84217,0.178881,19.6667,0.380309,3.3533,11.4417,0.823529,0.0511583,0.14975,0.466125,0.00364429,245.903,40.4152,0.962913,0.329495
decorr,4,70.4327,589124,3.80778,0.182739,18.9706,0.364221,3.39323,11.3568,0.852941,0.0521236,0.159734,0.463415,0.00157718,168.996,40.4763,0.899488,0.330909
decorr,5,70.4822,590051,3.9341,0.183703,19.3333,0.385457,3.5086,11.7525,0.867647,0.0492278,0.154742,0.482385,0.0045938,159.895,36.8215,0.989396,0.350398
decorr,6,70.4355,590902,4.17036,0.184185,21.8824,0.463964,3.57404,12.2836,0.867647,0.0540541,0.153078,0.474255,0.00138651,154.8,45.451,0.897274,0.23708
decorr,7,70.3877,589871,3.80681,0.178399,18.3137,0.346203,3.49196,11.3622,0.867647,0.0482625,0.14975,0.463415,0.000141026,124.871,42.2413,0.867778,0.346305
decorr,8,70.4839,590352,3.84571,0.181292,18.9706,0.359717,3.51193,11.3893,0.852941,0.0530888,0.148087,0.471545,0.00231086,154.681,41.5585,0.901745,0.33211
decorr,9,70.3944,590215,3.73128,0.173578,18.0588,0.323681,3.40433,11.1906,0.852941,0.0482625,0.144759,0.447154,0.000574385,173.705,44.317,0.86828,0.315113
