arm,trial,pool_rate_hz,injected_events,cx_rate_hz,cx_active_fraction,ring_rate_hz,columnar_rate_hz,fanbody_rate_hz,other_rate_hz,ring_active_fraction,columnar_active_fraction,fanbody_active_fraction,other_active_fraction,pair_corr,tau_ms,dim,pop_rate_sd_hz,bumpR,anat_gain_integral,anat_resid_deg,anat_gain_yaw,turned_deg,ring_pc12_var,ring_loop,ring_track_gain_yaw,ring_lag_yaw_deg,ring_track_gain_head,ring_lag_head_deg,cx_yaw_modulation_hz,cx_tuning_wire_corr,ring_tuning_wire_corr
rest,0,21.5191,0,0.252652,0.0139826,0,0,0,1.42005,0,0,0,0.0785908,0,34.6291,24.6624,0.0460944,0,0,NaN,0,0,0,1,0,0,0,0,0,0,0
rest,1,21.5355,0,0.251366,0.0130183,0,0,0.000554631,1.41192,0,0,0,0.0731707,0,32.0141,24.9673,0.0473718,0,0,NaN,0,0,0,1,0,0,0,0,0,0,0
rest,2,21.5686,0,0.251527,0.0135005,0,0,0,1.41373,0,0,0,0.0758808,0,29.3786,24.8156,0.0479524,0,0,NaN,0,0,0,1,0,0,0,0,0,0,0
rest,3,21.5533,0,0.251688,0.0139826,0,0,0,1.41463,0,0,0,0.0785908,0,31.1293,24.7801,0.049318,0,0,NaN,0,0,0,1,0,0,0,0,0,0,0
rest,4,21.5988,0,0.250241,0.0130183,0,0,0.000554631,1.4056,0,0,0,0.0731707,0,29.8997,25.5369,0.0452343,0,0,NaN,0,0,0,1,0,0,0,0,0,0,0
rest,5,21.5742,0,0.256831,0.0135005,0,0,0.000554631,1.44264,0,0,0,0.0758808,0,34.0567,26.7931,0.0499912,0,0,NaN,0,0,0,1,0,0,0,0,0,0,0
rest,6,21.5429,0,0.25233,0.0130183,0,0,0,1.41825,0,0,0,0.0731707,0,32.6714,24.1785,0.0490459,0,0,NaN,0,0,0,1,0,0,0,0,0,0,0
rest,7,21.5902,0,0.251205,0.0135005,0,0,0,1.41192,0,0,0,0.0758808,0,30.9028,25.5328,0.0478888,0,0,NaN,0,0,0,1,0,0,0,0,0,0,0
rest,8,21.5416,0,0.256188,0.0135005,0,0,0,1.43993,0,0,0,0.0758808,0,32.3856,26.1134,0.0509614,0,0,NaN,0,0,0,1,0,0,0,0,0,0,0
rest,9,21.4711,0,0.248955,0.0139826,0,0,0,1.39928,0,0,0,0.0785908,0,31.3992,25.1316,0.0492299,0,0,NaN,0,0,0,1,0,0,0,0,0,0,0
flow,0,50.5708,700911,4.18145,0.22324,21.3137,0.719112,3.68053,11.561,0.852941,0.108108,0.181364,0.498645,0.00163052,236.791,51.2743,1.04851,0.298238,4.18428,168.038,1.27912,-60.5844,0.418123,0.106667,3.50928,-86.2823,0.687156,-158.518,1.91253,0.316601,0.0360613
flow,1,50.5884,702379,4.10383,0.21649,20.9118,0.70592,3.64337,11.2963,0.897059,0.0994209,0.186356,0.468835,0.00236221,229.636,51.1109,1.00943,0.302134,5.59276,214.05,4.62305,-60.7076,0.397783,0.0933333,2.22846,-48.3239,0.443893,-120.081,1.92116,0.323482,0.0208293
flow,2,50.6095,701461,3.97814,0.216008,19.6765,0.662806,3.62452,10.9693,0.867647,0.103282,0.181364,0.468835,0.00363138,265.259,48.1164,1.0604,0.342175,5.59557,192.953,9.54866,-60.8062,0.451028,0.16,3.47323,-61.8355,0.709812,-132.92,2.18862,0.300458,0.0306021
flow,3,50.6459,701691,4.10624,0.225169,20.9951,0.690476,3.58791,11.4282,0.882353,0.109073,0.186356,0.493225,0.00259643,246.016,46.7595,1.06651,0.324606,0.980426,362.645,3.90837,-61.0009,0.476524,0.146667,2.71332,-74.4582,0.548237,-146.641,1.95317,0.327579,0.0223799
flow,4,50.6005,700099,4.01173,0.220347,19.8726,0.690798,3.6589,10.9874,0.867647,0.108108,0.184692,0.474255,0.00350645,254.926,51.5349,1.00861,0.343195,0.140904,262.65,6.96049,-60.8479,0.424056,0.16,3.04831,-42.3405,0.625981,-116.051,2.00979,0.317009,0.0288028
flow,5,50.6987,703051,4.1334,0.215526,21.2696,0.68018,3.68275,11.4047,0.852941,0.0994209,0.1797,0.482385,0.00163582,247.444,57.8903,0.971701,0.315963,4.27678,199.934,8.8371,-60.8748,0.363032,0.0333333,2.60715,-60.7884,0.521799,-134.173,1.79952,0.323812,0.0245581
flow,6,50.6767,703862,4.02314,0.216008,20.3382,0.654762,3.62618,11.1201,0.808824,0.103282,0.181364,0.479675,0.00428109,273.458,56.5872,0.952117,0.280477,4.90526,185.85,2.59156,-60.7695,0.346192,0.0533333,3.19761,-36.0708,0.634784,-108.653,1.86073,0.321708,0.0408177
flow,7,50.6232,705399,4.01125,0.218901,19.9216,0.670528,3.61065,11.1111,0.882353,0.104247,0.176373,0.487805,0.00343225,259.427,49.3756,1.04997,0.335482,0.835766,181.589,4.67236,-61.1442,0.411756,0.166667,3.531,-52.0292,0.717017,-124.017,2.0582,0.317438,0.0334101
flow,8,50.6993,702639,4.04629,0.225651,20.0539,0.667954,3.66888,11.196,0.852941,0.103282,0.194676,0.504065,0.00585242,253.764,50.7704,1.09015,0.326303,3.95647,167.798,0.438029,-61.183,0.473274,0.206667,3.53929,-58.7799,0.708897,-131.61,2.11463,0.305437,0.0272088
flow,9,50.5384,703521,4.04404,0.220829,20.2108,0.672458,3.63284,11.2005,0.867647,0.107143,0.1797,0.487805,0.00210308,256.782,50.0823,1.03468,0.333561,2.98836,210.682,2.31221,-61.0778,0.366075,0.0666667,2.1956,-31.9298,0.45064,-105.459,2.00356,0.320404,0.0209777
self,0,50.5952,702188,4.16635,0.22324,21.1078,0.743565,3.6772,11.4508,0.867647,0.110039,0.189684,0.476965,0.00233461,227.097,51.0413,1.03048,0.30088,0.0841678,231.964,6.965,-60.5844,0.42591,0.126667,1.9987,-70.748,0.391369,-142.983,1.93117,0.310878,0.0289727
self,1,50.6535,702530,4.18451,0.220347,21.25,0.725225,3.69495,11.5492,0.852941,0.108108,0.184692,0.476965,0.0018736,240.911,51.3731,1.00244,0.297448,4.15745,177.088,4.02445,-60.7076,0.433425,0.1,2.36528,-45.5271,0.471147,-117.284,2.01874,0.316752,0.0149461
self,2,50.602,700128,4.03938,0.221794,20.1422,0.670528,3.6406,11.1798,0.867647,0.107143,0.191348,0.474255,0.00357055,239.85,49.8061,1.03394,0.325112,7.25278,672.942,18.5176,-60.8062,0.426141,0.0933333,2.33135,-44.5434,0.47645,-115.628,1.96774,0.322802,0.0210622
self,3,50.7094,703241,4.07618,0.222276,20.4804,0.710747,3.6589,11.1816,0.882353,0.109073,0.189684,0.471545,0.00512783,262.025,50.0877,1.06523,0.329335,0.564005,232.425,3.68099,-61.0009,0.475582,0.146667,2.003,-66.9766,0.404713,-139.16,1.98111,0.32388,0.0218815
self,4,50.785,703314,4.16843,0.222276,21.2696,0.701416,3.68497,11.5384,0.882353,0.107143,0.18802,0.479675,0.00298583,243.722,50.1465,1.04917,0.296709,8.137,168.316,8.84261,-60.8479,0.419006,0.0733333,2.66769,-42.0949,0.54782,-115.806,1.98907,0.325357,0.00625604
self,5,50.7477,703805,4.13581,0.220347,20.7549,0.70946,3.68053,11.4345,0.838235,0.103282,0.18802,0.487805,0.00179317,278.872,47.7764,1.05099,0.316583,3.16188,266.938,10.7839,-60.8748,0.389316,0.14,2.8415,-32.6068,0.568702,-105.991,1.84396,0.331636,0.0446887
self,6,50.7429,704593,4.09515,0.228544,20.348,0.71332,3.70715,11.2267,0.882353,0.111969,0.184692,0.506775,0.0045918,238.908,45.2489,1.07027,0.314857,5.71423,183.701,5.53968,-60.7695,0.44352,0.146667,2.02552,-22.6569,0.402102,-95.239,1.99999,0.314867,0.052692
self,7,50.5898,702024,4.06573,0.218419,20.6422,0.667632,3.6528,11.224,0.852941,0.102317,0.18802,0.476965,0.00391065,258.102,51.5431,0.985468,0.322542,1.80223,171.653,4.82589,-61.1442,0.363558,0.08,2.69423,-59.6806,0.547101,-131.668,2.05141,0.299086,0.0240472
self,8,50.6698,702576,4.11733,0.221311,21.1176,0.701737,3.67887,11.2882,0.867647,0.110039,0.184692,0.474255,0.00211794,234.978,52.3061,0.982643,0.330734,8.80649,316.758,14.7059,-61.183,0.392498,0.133333,1.99476,-77.5623,0.399537,-150.392,1.93595,0.305949,0.0107585
self,9,50.684,703687,4.27869,0.219865,22.3039,0.733912,3.68996,11.8681,0.882353,0.105212,0.178037,0.487805,0.00257398,244.856,54.8818,0.986872,0.279148,1.17298,321.79,9.69841,-61.0778,0.405531,0.106667,2.24283,-73.5201,0.460333,-147.049,1.97456,0.318025,0.024064
shuffle,0,50.6246,702426,4.06622,0.22758,20.2304,0.70946,3.62008,11.2385,0.882353,0.118726,0.183028,0.485095,0.005477,227.213,42.6157,1.10497,0.383598,2.44387,200.433,7.75821,-60.5844,0.492775,0.173333,2.58151,-58.2263,0.505489,-130.462,2.10607,0.306459,0.0284181
shuffle,1,50.7567,704045,4.03954,0.219383,20.6078,0.670206,3.60122,11.1599,0.882353,0.106178,0.176373,0.485095,0.00378483,218.499,52.0678,1.02517,0.336999,11.4922,438.139,25.5484,-60.7076,0.466566,0.133333,2.72736,-53.4354,0.543271,-125.193,1.90768,0.317563,0.00535573
shuffle,2,50.6587,701553,4.03793,0.22324,20.2745,0.703024,3.61564,11.0967,0.897059,0.110039,0.184692,0.479675,0.00220647,243.754,49.8713,1.01248,0.321893,2.71652,266.339,7.77549,-60.8062,0.411027,0.14,2.38114,-57.9244,0.486626,-129.009,2.07088,0.312608,0.0225059
shuffle,3,50.5234,701417,4.06123,0.216972,20.799,0.656371,3.59512,11.2954,0.882353,0.0994209,0.181364,0.482385,0.00139892,273.337,52.5101,1.01317,0.346125,0.633473,135.074,3.35735,-61.0009,0.407905,0.0866667,2.68892,-57.2422,0.543306,-129.425,2.03857,0.314054,0.0333976
shuffle,4,50.7023,702616,4.16554,0.216008,21.5833,0.690798,3.65724,11.5393,0.882353,0.0955598,0.18802,0.476965,0.00346168,243.065,60.29,0.94309,0.299933,5.11978,430.643,18.4513,-60.8479,0.385833,0.0533333,2.44065,-60.3683,0.501195,-134.079,1.95568,0.305833,0.0292708
shuffle,5,50.6449,702785,4.01527,0.215526,20.3971,0.648005,3.6173,11.0985,0.882353,0.0965251,0.184692,0.476965,0.0029754,254.507,53.7278,1.0217,0.335703,1.33232,178.496,4.3142,-60.8748,0.421232,0.0933333,2.90464,-54.3928,0.581339,-127.777,2.06675,0.305968,0.014654
shuffle,6,50.67,702422,4.22179,0.225169,21.9559,0.757078,3.665,11.5881,0.867647,0.112934,0.18802,0.482385,0.00239429,238.229,51.5511,1.00612,0.278273,4.1479,230.187,4.17824,-60.7695,0.411657,0.106667,3.0022,-87.5235,0.595992,-160.106,1.91168,0.323612,0.0145326
shuffle,7,50.6244,702875,4.09997,0.220347,20.902,0.701416,3.66168,11.2593,0.867647,0.105212,0.184692,0.482385,0.00337128,281.494,54.2602,1.01459,0.31858,4.48857,227.475,9.97172,-61.1442,0.38332,0.1,2.91019,-45.527,0.590953,-117.515,1.95046,0.325268,0.0258284
shuffle,8,50.6298,702715,4.23642,0.224204,22.1225,0.748391,3.66556,11.6631,0.867647,0.112934,0.181364,0.487805,0.00304744,214.236,49.968,1.00405,0.268916,6.09895,294.151,9.44345,-61.183,0.418508,0.153333,2.07098,-59.205,0.414804,-132.035,1.69504,0.335957,-0.00582675
shuffle,9,50.6578,703220,4.27226,0.22999,21.7353,0.794402,3.69884,11.7525,0.882353,0.1139,0.191348,0.498645,0.00161288,221.688,51.2469,1.09558,0.299995,1.75142,175.757,7.03329,-61.0778,0.484943,0.146667,2.40194,-57.1404,0.492989,-130.669,1.8355,0.339244,0.00372619
randmat,0,50.7095,701826,4.13131,0.224687,20.7598,0.704312,3.7127,11.3704,0.823529,0.111969,0.18802,0.490515,0.00360436,256.27,48.4938,1.05986,0.318195,3.26565,108.685,2.99063,-60.5844,0.396654,0.0533333,3.59238,-61.7046,0.703428,-133.94,1.96862,0.320911,0.0518252
randmat,1,50.6829,703807,4.05754,0.219383,20.0343,0.700128,3.67166,11.168,0.867647,0.107143,0.183028,0.474255,0.00151387,223.264,48.8182,1.03099,0.326338,3.22627,87.974,3.31888,-60.7076,0.40867,0.0866667,3.17298,-71.5192,0.632035,-143.276,2.02847,0.309567,0.030484
randmat,2,50.6925,701713,4.0704,0.225169,20.4804,0.671815,3.63561,11.2963,0.867647,0.108108,0.186356,0.498645,0.0033916,240.157,44.771,1.08624,0.354087,6.36071,252.644,13.9589,-60.8062,0.469909,0.166667,3.19135,-61.9848,0.652204,-133.07,2.00745,0.31798,0.0227933
randmat,3,50.7016,703208,4.16072,0.222758,21.5784,0.706564,3.68608,11.4219,0.867647,0.108108,0.18802,0.482385,0.00267106,252.935,50.8763,1.02084,0.3155,1.95913,162.79,2.01545,-61.0009,0.390751,0.0533333,2.74549,-51.8157,0.554735,-123.999,1.79429,0.344146,0.0406124
randmat,4,50.7276,702452,4.2279,0.220829,21.8529,0.745817,3.69163,11.6296,0.867647,0.105212,0.184692,0.485095,0.00396162,232.237,53.5851,1.00433,0.294614,1.29247,177.84,6.26627,-60.8479,0.42649,0.126667,1.91036,-65.1673,0.392299,-138.878,2.00909,0.319854,0.0383602
randmat,5,50.7063,702206,4.03745,0.225651,20.1618,0.684685,3.60455,11.1843,0.882353,0.1139,0.184692,0.485095,0.00434535,255.295,44.9052,1.06983,0.341,7.23487,361.975,13.5517,-60.8748,0.41865,0.166667,2.8377,-60.8362,0.567941,-134.22,2.16133,0.317072,0.0268714
randmat,6,50.6644,701714,4.08936,0.213597,20.8824,0.690476,3.66722,11.2249,0.852941,0.103282,0.174709,0.468835,0.00181618,224.768,48.8566,1.03354,0.290467,0.0537966,161.924,1.68746,-60.7695,0.418954,0.16,3.79241,-73.5262,0.752863,-146.108,1.87989,0.320589,0.0347484
randmat,7,50.6698,702179,4.14288,0.225651,20.9363,0.750322,3.69994,11.2945,0.882353,0.116795,0.186356,0.474255,0.00393486,203.513,47.6006,1.02425,0.315753,8.19124,342.324,15.5595,-61.1442,0.468305,0.166667,3.41283,-70.9378,0.693022,-142.925,1.90051,0.333637,-0.0347465
randmat,8,50.741,702789,4.12938,0.221794,20.7696,0.696911,3.65557,11.4715,0.882353,0.103282,0.178037,0.504065,0.00457168,277.013,53.4075,1.05574,0.368743,1.56905,167.74,2.26631,-61.183,0.410195,0.106667,2.81625,-64.702,0.564076,-137.532,2.13045,0.295418,0.0295135
randmat,9,50.6026,703468,4.18386,0.224687,21.5931,0.722973,3.66722,11.5339,0.882353,0.108108,0.191348,0.485095,0.0043193,216.263,52.9841,1.00912,0.289297,1.91256,183.426,7.52564,-61.0778,0.41924,0.0466667,2.79313,-63.2907,0.573281,-136.82,2.01706,0.30748,0.0240453
decorr,0,50.4862,702713,4.12102,0.20974,21.3971,0.679858,3.57793,11.4833,0.838235,0.0888031,0.184692,0.474255,0.00123624,146.246,53.8774,0.924129,0.270186,3.10696,342.451,16.0743,-60.5844,0.441764,0.113333,2.53354,-76.305,0.496096,-148.54,1.27926,0.230334,0.0240762
decorr,1,50.68,703100,4.11041,0.215526,21.0441,0.703024,3.599,11.3893,0.852941,0.0945946,0.183028,0.490515,0.00225646,158.448,58.7554,0.933147,0.334628,4.09576,220.986,0.168684,-60.7076,0.4607,0.14,1.90812,-62.2792,0.380084,-134.036,1.24954,0.246925,0.051163
decorr,2,50.5977,702229,4.1117,0.207811,21.3922,0.673423,3.60566,11.4047,0.838235,0.0868726,0.174709,0.485095,0.00393341,175.915,55.6893,0.936006,0.294522,11.9639,477.471,26.5427,-60.8062,0.451381,0.133333,2.77277,-87.5128,0.566661,-158.598,1.42161,0.248761,0.0572707
decorr,3,50.6079,703300,4.19013,0.208293,22.2696,0.70399,3.6173,11.579,0.838235,0.0859073,0.178037,0.485095,0.00305728,179.822,67.0963,0.827957,0.228718,1.814,227.287,4.90492,-61.0009,0.361463,0.0933333,1.44795,-59.7205,0.292562,-131.904,1.1265,0.243501,0.0524193
decorr,4,50.5788,701854,4.06991,0.215526,20.6716,0.683398,3.63173,11.2322,0.838235,0.0984556,0.184692,0.479675,0.00442152,157.255,60.479,0.91311,0.283149,4.73939,572.405,18.9719,-60.8479,0.401691,0.0933333,1.55385,-55.3271,0.319089,-129.038,1.16881,0.269517,0.0419239
decorr,5,50.6024,703303,4.20411,0.215043,22.7598,0.721042,3.53633,11.6513,0.838235,0.100386,0.181364,0.476965,0.00233686,162.408,65.848,0.852586,0.236898,8.12559,385.298,14.0901,-60.8748,0.378005,0.0666667,2.21964,-90.7073,0.444241,-164.091,1.28899,0.295085,0.0851778
decorr,6,50.5718,703504,4.26037,0.215526,22.7745,0.742922,3.64171,11.7317,0.823529,0.0984556,0.1797,0.490515,0.00178123,161.222,53.6205,0.868371,0.238153,5.2349,331.135,14.2547,-60.7695,0.390255,0.0733333,2.27239,-80.4305,0.451111,-153.013,1.23754,0.26875,0.0559091
decorr,7,50.5141,701838,4.18547,0.206365,22.3725,0.669884,3.58014,11.6902,0.794118,0.0878378,0.1797,0.474255,0.00100281,169.513,67.0729,0.835129,0.246016,1.20666,170.6,4.03684,-61.1442,0.357675,0.0533333,1.58548,-52.9446,0.321954,-124.932,1.12831,0.192145,0.022735
decorr,8,50.4778,702397,4.10849,0.214079,20.8922,0.663771,3.69274,11.364,0.838235,0.0916988,0.186356,0.487805,0.00389391,180.434,57.2732,0.933277,0.28171,15.5459,341.342,21.7072,-61.183,0.406699,0.126667,1.35557,-35.2839,0.271512,-108.114,1.39569,0.259858,0.0323208
decorr,9,50.5693,704136,4.35069,0.222276,22.6667,0.756113,3.79922,11.9657,0.838235,0.102317,0.196339,0.487805,0.00167982,141.82,50.4113,0.961404,0.273175,2.88467,232.119,2.01552,-61.0778,0.451593,0.12,1.88092,-104.297,0.386052,-177.827,1.23683,0.187089,-0.0620594
