metric,spearman_rho_vs_fraction,p_perm_two_sided,ols_slope_per_unit_fraction,permutations
cx_rate_hz,-0.0106545,0.956522,-0.0321586,2000
cx_active_fraction,-0.103747,0.515242,-0.0046618,2000
ring_rate_hz,-0.0484274,0.769615,-0.286722,2000
columnar_rate_hz,-0.118163,0.48076,-0.0189228,2000
fanbody_rate_hz,0.0891065,0.581209,0.0231227,2000
other_rate_hz,-0.0619871,0.721139,-0.112445,2000
dim,-0.176276,0.276362,-4.22211,2000
pop_rate_sd_hz,0.0561758,0.748626,0.0191347,2000
bumpR,0.0523016,0.746627,0.0063935,2000
tau_ms,-0.0309936,0.857071,-6.6654,2000
injected_events,0.0135597,0.942529,-199.657,2000
pool_rate_hz,0.164661,0.289855,0.0524651,2000
ring_pc12_var,0.0581129,0.731134,0.0126572,2000
ring_loop,-0.2018,0.213893,-0.0265143,2000
ring_lag_yaw_deg,-0.131723,0.429785,-7.7562,2000
ring_track_gain_yaw,-0.143345,0.4003,-0.446573,2000
cx_yaw_modulation_hz,0.104603,0.544728,0.0512179,2000
cx_tuning_wire_corr,0.0910436,0.588706,0.00310296,2000
ring_tuning_wire_corr,-0.110415,0.497251,-0.0117464,2000
