frac,trial,cx_rate_hz,cx_active_fraction,ring_rate_hz,columnar_rate_hz,fanbody_rate_hz,other_rate_hz,dim,pop_rate_sd_hz,bumpR,tau_ms,injected_events,pool_rate_hz,ring_pc12_var,ring_loop,ring_lag_yaw_deg,ring_track_gain_yaw,cx_yaw_modulation_hz,cx_tuning_wire_corr,ring_tuning_wire_corr
0,0,4.07779,0.221311,20.701,0.695946,3.58514,11.3117,52.9106,1.02987,0.329163,272.187,703415,50.6674,0.395862,0.0733333,-46.6137,2.09701,1.99085,0.323974,0.0405117
0,1,4.20074,0.22758,21.1078,0.726834,3.6761,11.6929,47.1015,1.09783,0.35635,216.052,702881,50.7503,0.498579,0.106667,-59.0758,1.93931,1.9772,0.323234,-0.00315136
0,2,4.0614,0.219383,20.5245,0.704955,3.61176,11.1834,52.2297,1.03245,0.289564,246.961,701258,50.6104,0.452125,0.16,-70.5064,2.52774,1.92351,0.332649,0.0247484
0,3,4.22774,0.221794,22.1618,0.735521,3.68441,11.6125,54.5333,0.982435,0.27628,235.972,701249,50.6254,0.43658,0.14,-57.5143,2.36829,1.87409,0.313844,0.0100003
0,4,4.10559,0.217454,21.0686,0.681467,3.65003,11.3351,54.5005,1.01638,0.299741,241.324,702988,50.6811,0.436243,0.16,-62.8876,3.06339,1.80355,0.317653,-0.0105336
0,5,4.1162,0.224687,20.7206,0.701094,3.64393,11.4137,48.706,1.05302,0.349051,234.103,703209,50.6803,0.420235,0.106667,-61.2147,3.28275,2.03149,0.316668,0.0332178
0,6,3.973,0.213597,19.7157,0.632561,3.60011,11.0578,50.1704,1.02108,0.320334,260.862,702208,50.6274,0.422755,0.126667,-56.2579,3.51469,2.05558,0.307498,0.0203925
0,7,4.15622,0.218419,21.152,0.703346,3.68608,11.4842,50.2306,1.05838,0.321316,243.359,702078,50.7342,0.465027,0.133333,-51.881,2.11216,1.91942,0.316182,0.0163334
0,8,4.09129,0.223722,20.4559,0.686937,3.64226,11.3649,49.6088,1.06402,0.349269,277.811,701302,50.6188,0.411585,0.1,-40.7116,3.55345,1.9001,0.329609,0.0814064
0,9,4.04516,0.21649,20.9363,0.67278,3.58014,11.1581,53.7578,0.982223,0.288828,230.198,703064,50.5489,0.381881,0.126667,-43.5738,1.67784,1.74535,0.320218,0.0434405
0.125,0,4.12842,0.220347,20.9853,0.67825,3.64448,11.4968,55.6192,0.992842,0.310613,230.276,701725,50.6916,0.436606,0.133333,-80.3731,2.64461,1.8308,0.322277,0.0318439
0.125,1,4.06236,0.222276,20.3235,0.687259,3.67277,11.1762,48.7027,0.997008,0.299316,227.527,702321,50.6432,0.420375,0.1,-67.0017,2.94873,1.92837,0.329083,0.0208966
0.125,2,3.9918,0.215043,20.0343,0.65991,3.57127,11.075,51.9877,0.989308,0.335712,265.068,702935,50.7318,0.41168,0.14,-46.5287,2.52486,1.90589,0.313483,0.0065482
0.125,3,4.03423,0.225169,20.098,0.70946,3.62618,11.0732,42.8082,1.07409,0.336616,257.834,702055,50.6626,0.446615,0.133333,-56.5249,2.1153,2.08787,0.321327,0.0459332
0.125,4,4.054,0.223722,20.0196,0.697877,3.72047,11.0777,46.6424,1.05758,0.334917,227.503,702052,50.6649,0.455695,0.0933333,-41.4393,1.94018,1.99539,0.300799,0.0382647
0.125,5,4.16699,0.220829,21.3922,0.729086,3.65058,11.486,48.0479,1.02852,0.350726,195.975,704090,50.7228,0.453399,0.0666667,-53.2784,1.32728,1.97789,0.317601,0.027354
0.125,6,4.09434,0.219383,20.7206,0.689511,3.67,11.2809,50.0815,1.03772,0.295864,232.001,701973,50.6503,0.463205,0.133333,-35.1428,2.54347,1.86395,0.327419,0.0435981
0.125,7,4.04854,0.222276,20.6471,0.682111,3.62784,11.1265,53.1878,0.990585,0.31501,236.02,703062,50.587,0.432422,0.14,-56.4256,2.10983,1.8048,0.329831,0.0343872
0.125,8,4.08309,0.217936,20.951,0.671815,3.60399,11.3324,53.5248,0.965758,0.279665,237.633,702400,50.6687,0.386369,0.1,-56.9016,3.74197,1.97547,0.306241,0.0242025
0.125,9,4.06686,0.228062,20.4804,0.692407,3.66389,11.1725,50.4615,1.0236,0.312587,243.079,702850,50.5696,0.403828,0.146667,-55.863,2.68019,1.95949,0.31731,0.0259216
0.25,0,4.09434,0.224687,20.1716,0.710103,3.71325,11.2538,45.1093,1.06189,0.323535,236.056,703346,50.7396,0.411102,0.113333,-45.1244,2.43097,2.14224,0.29728,0.013359
0.25,1,4.14176,0.220829,21.6029,0.69112,3.59512,11.5023,51.3376,1.01596,0.341119,237.235,702967,50.648,0.438745,0.1,-55.0804,2.27618,1.84971,0.320856,0.0495147
0.25,2,4.20492,0.228544,21.5245,0.759974,3.72157,11.4725,49.1055,1.10473,0.328167,238.937,701577,50.7169,0.44406,0.08,-49.7401,2.71609,1.87171,0.337125,0.0776994
0.25,3,4.01591,0.222758,20.3039,0.649614,3.58403,11.1689,46.3222,1.03339,0.327101,241.755,702753,50.6559,0.42553,0.133333,-61.9821,2.77931,1.92565,0.326249,0.0304125
0.25,4,4.06943,0.20974,20.7549,0.67825,3.66722,11.1707,54.6714,1.01316,0.297064,258.037,702171,50.7026,0.406521,0.106667,-48.2779,1.52113,1.85592,0.330376,0.0419161
0.25,5,4.16586,0.219865,20.9461,0.717825,3.68552,11.5366,52.0252,1.0387,0.31907,221.348,702893,50.6737,0.466848,0.14,-57.7835,1.58912,1.87869,0.323532,0.0199723
0.25,6,4.10849,0.22324,21.0784,0.694981,3.6223,11.3568,53.4775,1.0284,0.330911,259.445,701843,50.654,0.410176,0.0933333,-68.6341,2.51782,1.95568,0.323184,0.0400869
0.25,7,4.04966,0.216972,20.6765,0.661197,3.59345,11.2421,55.7464,0.949463,0.309935,267.699,702929,50.674,0.357811,0.106667,-72.5219,2.32384,2.05104,0.309436,0.0121972
0.25,8,4.09531,0.220829,20.9412,0.668919,3.64836,11.3388,52.6114,1.01142,0.302988,262.96,703486,50.6392,0.407043,0.126667,-50.7801,2.05786,1.99209,0.316911,0.0243393
0.25,9,4.14465,0.222758,21.2941,0.703024,3.67221,11.4164,49.4143,1.00743,0.316087,202.221,703900,50.5466,0.442329,0.133333,-68.502,2.04368,1.98898,0.310238,-0.00621164
0.5,0,3.97011,0.20974,19.9314,0.64157,3.56794,11.0289,50.7344,1.00892,0.345511,234.986,701806,50.6775,0.430163,0.14,-63.2288,3.54359,1.94471,0.321501,0.0235346
0.5,1,4.08791,0.226133,20.7157,0.676641,3.65225,11.3108,41.5509,1.09436,0.326631,235.178,703394,50.752,0.467616,0.0866667,-44.4553,2.62213,2.10833,0.304966,0.0198286
0.5,2,4.07216,0.214079,20.4657,0.660553,3.64337,11.3279,49.4259,1.06537,0.337701,252.343,702252,50.6442,0.474576,0.14,-52.7207,2.95164,1.96491,0.327158,0.0415744
0.5,3,4.0757,0.214561,20.0539,0.667954,3.65502,11.3839,50.2554,1.05411,0.350694,243.375,700814,50.6687,0.476433,0.12,-34.9628,2.38928,1.90426,0.323677,0.017247
0.5,4,4.16313,0.220347,21.2745,0.689833,3.71215,11.4959,54.0433,1.00608,0.293349,247.436,700893,50.7433,0.415255,0.113333,-75.223,1.72434,1.78129,0.33306,0.0148617
0.5,5,4.09418,0.223722,20.7451,0.707529,3.62285,11.3017,44.6507,1.06358,0.311141,210.519,702489,50.7435,0.468199,0.0733333,-61.9991,2.08112,1.87932,0.320872,0.0117898
0.5,6,3.93893,0.213115,19.9314,0.638674,3.57127,10.8564,50.7034,0.980254,0.329382,255.748,702200,50.6,0.39586,0.133333,-60.5474,2.80354,1.96421,0.321436,0.005729
0.5,7,4.07988,0.220347,20.3775,0.702059,3.72657,11.1355,50.9338,1.0185,0.30499,264.456,703009,50.7023,0.406875,0.0933333,-57.4223,2.18612,1.99273,0.321106,0.0349835
0.5,8,4.1612,0.223722,21.4706,0.731338,3.67221,11.3975,49.0355,1.05983,0.303751,234.099,702991,50.6572,0.421723,0.0933333,-55.903,1.5746,1.99494,0.318991,0.0332618
0.5,9,4.14352,0.218901,21.1373,0.719434,3.66334,11.4074,48.0998,1.02762,0.303082,216.666,702969,50.6147,0.434442,0.106667,-78.0936,2.00053,1.9394,0.319166,0.00543646
