arm,trial,pool_rate_hz,injected_events,cx_rate_hz,cx_active_fraction,ring_rate_hz,columnar_rate_hz,fanbody_rate_hz,other_rate_hz,ring_active_fraction,columnar_active_fraction,fanbody_active_fraction,other_active_fraction,pair_corr,tau_ms,dim,pop_rate_sd_hz,bumpR,patch_drive_fraction,patch_level_ratio,anat_gain_integral,anat_resid_deg,anat_gain_yaw,turned_deg,ring_pc12_var,ring_loop,ring_track_gain_yaw,ring_lag_yaw_deg,ring_track_gain_head,ring_lag_head_deg,cx_yaw_modulation_hz,cx_tuning_wire_corr,ring_tuning_wire_corr,ring_ang_diffusion_deg,ring_ang_ac1,steer_corr_yaw,steer_asym_sd_hz,dn_rate_hz
rest,0,22.6147,0,0.252652,0.0139826,0,0,0,1.42005,0,0,0,0.0785908,0,34.6291,24.6624,0.0460944,0,0,0,0,NaN,0,0,0,1,0,0,0,0,0,0,0,0,0,0,176.115,1053
rest,1,22.6284,0,0.251366,0.0130183,0,0,0.000554631,1.41192,0,0,0,0.0731707,0,32.0141,24.9673,0.0473718,0,0,0,0,NaN,0,0,0,1,0,0,0,0,0,0,0,0,0,0,194.798,1061.67
rest,2,22.6415,0,0.251527,0.0135005,0,0,0,1.41373,0,0,0,0.0758808,0,29.3786,24.8156,0.0479524,0,0,0,0,NaN,0,0,0,1,0,0,0,0,0,0,0,0,0,0,179.5,1064.67
rest,3,22.6331,0,0.251688,0.0139826,0,0,0,1.41463,0,0,0,0.0785908,0,31.1293,24.7801,0.049318,0,0,0,0,NaN,0,0,0,1,0,0,0,0,0,0,0,0,0,0,182.105,1070
rest,4,22.6748,0,0.250241,0.0130183,0,0,0.000554631,1.4056,0,0,0,0.0731707,0,29.8997,25.5369,0.0452343,0,0,0,0,NaN,0,0,0,1,0,0,0,0,0,0,0,0,0,0,185.086,1058
rest,5,22.6616,0,0.256831,0.0135005,0,0,0.000554631,1.44264,0,0,0,0.0758808,0,34.0567,26.7931,0.0499912,0,0,0,0,NaN,0,0,0,1,0,0,0,0,0,0,0,0,0,0,181.921,1061.33
rest,6,22.6432,0,0.25233,0.0130183,0,0,0,1.41825,0,0,0,0.0731707,0,32.6714,24.1785,0.0490459,0,0,0,0,NaN,0,0,0,1,0,0,0,0,0,0,0,0,0,0,168.241,1057.33
rest,7,22.6814,0,0.251205,0.0135005,0,0,0,1.41192,0,0,0,0.0758808,0,30.9028,25.5328,0.0478888,0,0,0,0,NaN,0,0,0,1,0,0,0,0,0,0,0,0,0,0,178.147,1057
rest,8,22.6354,0,0.256188,0.0135005,0,0,0,1.43993,0,0,0,0.0758808,0,32.3856,26.1134,0.0509614,0,0,0,0,NaN,0,0,0,1,0,0,0,0,0,0,0,0,0,0,185.028,1070.33
rest,9,22.563,0,0.248955,0.0139826,0,0,0,1.39928,0,0,0,0.0785908,0,31.3992,25.1316,0.0492299,0,0,0,0,NaN,0,0,0,1,0,0,0,0,0,0,0,0,0,0,190.106,1051
flow,0,51.655,655160,3.8044,0.210222,19.2941,0.550515,3.44204,10.6757,0.897059,0.0888031,0.183028,0.468835,0.00405419,225.253,49.0337,0.970967,0.336522,0.245533,0.976799,0.00459532,181.78,5.61488,-60.5844,0.431388,0.16,3.0709,-60.1159,0.601316,-132.351,1.95919,0.305426,0.172691,173.501,0.829727,0.824217,490.777,2045
flow,1,51.7139,655104,4.00129,0.225169,20.2549,0.640605,3.59845,11.0976,0.882353,0.110039,0.186356,0.490515,0.00108416,205.739,42.0277,1.04613,0.360824,0.24553,0.976784,0.996679,129.029,1.1535,-60.7076,0.443967,0.08,2.71933,-50.1502,0.541671,-121.907,2.03468,0.307896,0.193804,134.599,0.711088,0.776212,510.834,2086.33
flow,2,51.729,654755,3.96689,0.214079,20.3137,0.616152,3.58514,10.9837,0.867647,0.0945946,0.183028,0.479675,0.00375774,225.268,47.5019,1.00564,0.312989,0.245527,0.97677,6.54958,189.81,10.4054,-60.8062,0.405247,0.0733333,3.09507,-53.7426,0.632528,-124.828,1.95506,0.303319,0.20469,136.539,0.784643,0.784448,480.87,2060
flow,3,51.703,653746,4.07168,0.213115,21.2794,0.663449,3.54909,11.3207,0.867647,0.0916988,0.189684,0.471545,0.00591191,225.724,56.0929,0.986103,0.303272,0.245511,0.976687,1.51255,324.185,10.3091,-61.0009,0.431444,0.12,3.05491,-61.495,0.617256,-133.678,1.86824,0.320112,0.190327,316.895,0.931593,0.790803,507.041,2090.67
flow,4,51.6161,653765,3.88846,0.21215,19.8971,0.59749,3.45646,10.8817,0.867647,0.0916988,0.178037,0.485095,0.00371635,232.433,50.3278,0.994718,0.33788,0.245521,0.976736,0.500476,315.817,11.8142,-60.8479,0.389376,0.106667,1.95513,-51.9426,0.401493,-125.654,1.97111,0.306808,0.208431,297.712,0.917872,0.783031,523.846,2091.67
flow,5,51.6765,655917,3.90276,0.218419,19.3235,0.606178,3.62729,10.7651,0.897059,0.0984556,0.18802,0.479675,0.00325547,251.958,52.6461,1.02008,0.355588,0.245518,0.976724,1.76391,167.306,5.7221,-60.8748,0.410789,0.193333,2.83562,-33.454,0.567526,-106.838,2.04747,0.29558,0.213212,128.935,0.681659,0.776071,501.752,2064
flow,6,51.5796,654716,3.87721,0.206365,19.8039,0.544723,3.54798,10.8347,0.882353,0.0839768,0.1797,0.468835,0.0039013,235.658,55.6896,0.950121,0.317589,0.245531,0.976791,3.16588,93.5513,2.27063,-60.7695,0.418995,0.153333,2.16755,-63.3623,0.430299,-135.944,1.77685,0.315996,0.190194,127.313,0.680496,0.778785,512.029,2064.67
flow,7,51.6457,656730,4.04789,0.212633,21.299,0.606178,3.5868,11.2827,0.882353,0.0878378,0.18802,0.479675,0.00154072,202.47,51.3012,0.983919,0.296618,0.245516,0.976713,0.738235,164.681,1.5185,-61.1442,0.411111,0.106667,2.16758,-68.9701,0.440156,-140.958,1.80199,0.331494,0.224507,158.587,0.810224,0.759153,484.743,2076.33
flow,8,51.6494,655018,4.06397,0.21649,21.0147,0.638031,3.58403,11.3406,0.882353,0.0945946,0.186356,0.485095,0.00444087,218.374,52.4045,1.03325,0.312307,0.245509,0.976677,6.91465,183.362,6.685,-61.183,0.439183,0.106667,3.24008,-66.5073,0.648966,-139.337,1.92739,0.303528,0.186408,275.576,0.933562,0.798633,506.907,2068
flow,9,51.5712,655799,3.89794,0.216008,19.9167,0.582368,3.53189,10.8509,0.882353,0.0974903,0.184692,0.476965,0.00196917,209.418,52.9947,0.980221,0.335166,0.245528,0.976772,3.45092,206.567,0.530935,-61.0778,0.433713,0.233333,2.6054,-81.5583,0.53475,-155.087,1.85267,0.302934,0.219393,219.694,0.887112,0.788819,500.687,2069.33
self,0,50.9556,654092,3.18145,0.169238,18.2304,0.408945,2.63006,9.09033,0.852941,0.0530888,0.126456,0.439024,0.00226983,125.557,52.8976,0.730679,0.330599,0.124251,0.425849,8.82044,225.74,13.3386,-60.5844,0.416017,0.16,2.629,-92.0104,0.514787,-164.246,1.23886,0.207086,0.142306,208.261,0.879964,0.732722,420.719,1941
self,1,50.969,654239,3.19977,0.174542,18.0833,0.402831,2.62119,9.25203,0.823529,0.0559846,0.136439,0.449865,0.00259204,166.509,50.4512,0.814417,0.386757,0.124165,0.425512,1.76126,255.021,4.95564,-60.7076,0.476286,0.133333,2.06581,-90.2203,0.411495,-161.977,1.20613,0.236177,0.168649,266.14,0.918958,0.749074,410.527,1925.67
self,2,51.0113,653447,3.15301,0.165863,18.1422,0.398649,2.55574,9.09665,0.823529,0.0511583,0.12812,0.428184,0.000780517,155.517,51.224,0.750617,0.355802,0.124281,0.425967,3.34368,120.539,5.78677,-60.8062,0.416057,0.186667,2.77783,-60.5822,0.567695,-131.667,1.20349,0.234015,0.155398,123.373,0.707661,0.716626,423.782,1930
self,3,51.1359,656049,3.29364,0.171649,19.0588,0.434685,2.60899,9.53026,0.852941,0.0550193,0.131448,0.439024,0.00220571,133.965,57.2138,0.766541,0.353903,0.124261,0.425889,3.70942,246.223,6.80961,-61.0009,0.459268,0.2,3.25957,-78.4641,0.658607,-150.647,1.15495,0.236355,0.169366,202.593,0.840965,0.751245,443.375,1939
self,4,51.0395,655556,3.16538,0.169238,17.7843,0.412484,2.57904,9.15538,0.794118,0.0530888,0.129784,0.444444,0.00121805,94.1301,47.8167,0.742699,0.364759,0.124254,0.425862,6.122,417.764,15.2215,-60.8479,0.447795,0.213333,2.17642,-95.3956,0.446935,-169.107,0.974818,0.291886,0.161173,221.642,0.871167,0.740365,428.757,1931.33
self,5,51.0667,655672,3.18097,0.172613,18.0245,0.384813,2.62341,9.20415,0.838235,0.0559846,0.136439,0.436314,0.00193953,206.179,57.2744,0.75176,0.344496,0.124227,0.425756,3.64149,162.727,0.959549,-60.8748,0.408083,0.16,3.41359,-42.863,0.683201,-116.247,1.31862,0.199878,0.165331,198.962,0.845853,0.766454,414.139,1925.67
self,6,51.0105,656383,3.11845,0.16731,17.7255,0.387066,2.54853,9.02349,0.838235,0.0521236,0.129784,0.428184,0.00223356,147.168,52.0663,0.759689,0.38805,0.124219,0.425724,5.26988,385.751,18.5568,-60.7695,0.448397,0.146667,2.48749,-77.1589,0.493812,-149.741,1.13983,0.229778,0.138854,308.204,0.934497,0.723032,421.123,1927
self,7,51.0821,655352,3.2181,0.165863,18.1961,0.401544,2.58458,9.39747,0.838235,0.0492278,0.12812,0.430894,0.00155658,126.687,52.5085,0.771033,0.34308,0.124218,0.425723,3.90506,138.136,4.83307,-61.1442,0.44946,0.2,1.70446,-73.7852,0.346113,-145.773,0.913019,0.272226,0.239951,175.971,0.820392,0.735283,417.731,1916.67
self,8,51.0125,655340,3.03745,0.164899,16.9265,0.337838,2.55019,8.85095,0.823529,0.0521236,0.133111,0.411924,0.00432808,188.934,53.5359,0.716665,0.385673,0.124153,0.425467,4.31404,206.391,0.0794353,-61.183,0.385702,0.146667,3.02892,-80.5344,0.606673,-153.365,1.19652,0.229942,0.153225,235.997,0.899809,0.741955,442.892,1940
self,9,50.8651,656234,3.17277,0.175024,18.0343,0.399614,2.57238,9.19783,0.838235,0.0579151,0.131448,0.452575,0.000467028,158.509,53.3529,0.764331,0.331444,0.124105,0.425278,5.183,262.867,12.1615,-61.0778,0.449959,0.14,1.64605,-82.5621,0.337846,-156.091,1.18071,0.221689,0.183073,266.083,0.906384,0.748709,419.943,1923.67
shuffle,0,51.2626,655128,3.78496,0.207329,19.2059,0.572394,3.38491,10.6143,0.852941,0.0994209,0.169717,0.452575,0.00453124,188.121,47.3448,0.966741,0.351798,0.124567,0.427089,3.3724,245.5,6.26782,-60.5844,0.496195,0.233333,2.86941,-82.0714,0.561862,-154.307,1.72918,0.31187,0.143817,192.61,0.850014,0.769007,489.076,2098
shuffle,1,51.3243,656141,3.77853,0.209257,18.8873,0.572716,3.4071,10.5998,0.867647,0.100386,0.173045,0.452575,0.00222321,194.94,49.9006,0.953879,0.363134,0.124482,0.426753,1.23409,155.965,4.37236,-60.7076,0.505605,0.2,3.11902,-77.4013,0.621286,-149.158,1.71381,0.323029,0.184162,119.162,0.664881,0.795797,483.823,2090.33
shuffle,2,51.2401,654041,3.85374,0.211668,19.6127,0.578185,3.4376,10.8238,0.882353,0.0955598,0.171381,0.479675,0.00268727,210.522,53.5615,0.940326,0.31875,0.124598,0.427209,1.6208,407.46,11.0807,-60.8062,0.394406,0.1,2.50267,-56.127,0.511462,-127.212,1.54003,0.351687,0.207502,335.003,0.944219,0.766172,471.812,2093.67
shuffle,3,51.0891,654006,3.72067,0.208293,18.6471,0.555663,3.40655,10.3677,0.882353,0.0945946,0.169717,0.466125,0.00629568,203.329,57.7714,0.889845,0.346502,0.124579,0.427136,5.41735,278.861,3.54562,-61.0009,0.3718,0.113333,1.22902,-42.6844,0.248328,-114.868,1.50949,0.352677,0.247597,358.038,0.943444,0.765339,500.075,2100.33
shuffle,4,51.284,655885,3.88991,0.204918,19.7745,0.624517,3.43539,10.8708,0.852941,0.0974903,0.171381,0.441734,0.00196747,197.976,57.6893,0.898628,0.304274,0.124572,0.427105,1.13214,302.173,4.99535,-60.8479,0.430951,0.2,1.79851,-77.9092,0.36933,-151.62,1.66728,0.328527,0.168118,247.701,0.893978,0.757877,486.301,2098.67
shuffle,5,51.2507,654255,3.92205,0.210222,20.1275,0.603282,3.41986,11.0714,0.882353,0.0907336,0.174709,0.479675,0.00380509,193.156,53.1,0.985668,0.315532,0.124545,0.427001,0.832195,185.773,3.26272,-60.8748,0.43848,0.133333,2.23654,-64.9177,0.447624,-138.302,1.37613,0.354987,0.181125,188.828,0.858515,0.771282,483.711,2096
shuffle,6,51.3134,655546,3.74928,0.200096,19.2255,0.520914,3.38991,10.5465,0.867647,0.0849421,0.171381,0.447154,0.00118558,218.331,62.3524,0.862978,0.340241,0.124536,0.426964,4.41341,159.659,3.59328,-60.7695,0.388899,0.113333,2.3095,-51.6167,0.458478,-124.199,1.45366,0.342615,0.210975,174.678,0.801402,0.747053,491.56,2088
shuffle,7,51.2899,655564,3.79331,0.212633,19.2549,0.585586,3.42207,10.5547,0.867647,0.101351,0.174709,0.466125,0.00280947,186.215,49.3429,0.955484,0.344049,0.124536,0.426968,8.17283,237.533,10.3112,-61.1442,0.432249,0.133333,2.88221,-71.2462,0.585272,-143.234,1.62608,0.340474,0.211158,329.505,0.944698,0.764392,480.076,2081.33
shuffle,8,51.2205,655335,3.82851,0.203954,19.2941,0.584942,3.37604,10.822,0.867647,0.0859073,0.166389,0.474255,0.00668581,175.685,53.8841,0.941662,0.327286,0.124472,0.426714,6.36427,136.779,8.37078,-61.183,0.453647,0.18,2.16745,-42.1937,0.434126,-115.024,1.41556,0.353532,0.145527,166.359,0.788918,0.776295,514.821,2082.67
shuffle,9,51.2875,656643,3.87367,0.214561,19.5245,0.617761,3.47144,10.7859,0.882353,0.103282,0.171381,0.474255,0.00117055,200.216,54.7202,0.910788,0.303906,0.124422,0.426519,1.44414,149.396,2.23155,-61.0778,0.436871,0.146667,0.986621,-102.183,0.202501,-175.712,1.39082,0.364185,0.192099,150.023,0.726194,0.788451,488.147,2099.33
randmat,0,51.2953,654237,3.21119,0.176953,19.1029,0.462677,2.49972,9.15809,0.838235,0.0666023,0.138103,0.428184,0.00180464,134.184,52.0431,0.783704,0.351029,0.0695849,0.461499,4.91395,372.922,15.3029,-60.5844,0.46148,0.166667,2.15245,-65.0917,0.421473,-137.327,0.864463,0.319379,0.169359,223.06,0.883259,0.824581,544.251,2058.67
randmat,1,51.4414,655694,3.27981,0.185632,19.5147,0.4926,2.58403,9.24661,0.852941,0.0772201,0.138103,0.444444,0.000733041,146.771,41.7976,0.749167,0.324603,0.069537,0.461157,5.96717,220.802,11.3036,-60.7076,0.366787,0.16,1.35018,-74.5725,0.268946,-146.33,1.13197,0.277091,0.181401,171.55,0.793544,0.824384,528.548,2066.67
randmat,2,51.3079,655047,3.33928,0.175506,20.2598,0.470721,2.55519,9.55194,0.808824,0.0608108,0.133111,0.449865,0.000592284,128.022,53.5704,0.788892,0.303414,0.069602,0.461621,1.59769,143.762,0.152136,-60.8062,0.454854,0.133333,1.35149,-60.4752,0.2762,-131.56,0.71963,0.393294,0.225511,146.189,0.727894,0.795434,543.883,2088.67
randmat,3,51.3186,654485,3.23722,0.177435,19.4902,0.460103,2.53522,9.18247,0.852941,0.0656371,0.134775,0.436314,0.00150189,162.668,60.0063,0.746941,0.303423,0.0695919,0.461548,2.6346,252.02,0.67954,-61.0009,0.418068,0.12,2.62177,-63.1786,0.529738,-135.362,1.08486,0.272491,0.193653,258.867,0.909293,0.819981,530.062,2092.67
randmat,4,51.3423,654292,3.19495,0.183221,18.7598,0.449807,2.53966,9.10117,0.852941,0.0666023,0.134775,0.466125,0.00134256,137.676,38.9016,0.815036,0.366531,0.0695874,0.461516,2.7057,167.099,2.33872,-60.8479,0.459962,0.173333,2.08572,-59.1062,0.42831,-132.817,1.07548,0.28906,0.23861,139.665,0.685226,0.784333,513.029,2075.67
randmat,5,51.3084,655482,3.14593,0.166827,18.4804,0.413127,2.52967,8.99638,0.838235,0.0511583,0.134775,0.420054,0.00271583,171.944,58.3046,0.759872,0.366359,0.0695725,0.46141,5.97042,319.705,14.9043,-60.8748,0.38071,0.106667,3.7451,-73.0825,0.74955,-146.467,1.14344,0.234388,0.134541,222.205,0.880885,0.811277,520.62,2079.67
randmat,6,51.3341,655080,3.17486,0.172131,18.701,0.443694,2.50527,9.07227,0.852941,0.0598456,0.136439,0.420054,0.0014309,175.79,62.218,0.730271,0.362598,0.0695672,0.461372,5.37653,113.763,2.44313,-60.7695,0.396827,0.113333,1.86058,-41.5899,0.369358,-114.172,1.10256,0.261535,0.155466,182.13,0.811064,0.826981,502.479,2045.33
randmat,7,51.3843,655493,3.24349,0.171167,19.3382,0.467182,2.54298,9.21319,0.823529,0.0598456,0.131448,0.428184,0.0016814,167.303,52.1746,0.780969,0.356859,0.0695679,0.461377,3.2995,129.858,2.79714,-61.1442,0.428483,0.126667,1.01571,-78.1842,0.206254,-150.172,0.877792,0.348006,0.224144,169.846,0.785955,0.82079,527.464,2074
randmat,8,51.3109,654902,3.3523,0.171649,20.3382,0.482625,2.60011,9.50406,0.794118,0.0588803,0.133111,0.436314,0.003578,117.859,59.7564,0.767421,0.291637,0.0695318,0.46112,5.8916,424.5,17.8878,-61.183,0.402384,0.133333,2.00964,-62.9383,0.402517,-135.768,0.827002,0.338153,0.162838,237.16,0.885957,0.796135,532.105,2067.67
randmat,9,51.2419,656255,3.16956,0.175506,18.7255,0.438546,2.53189,9.00903,0.823529,0.0598456,0.139767,0.439024,0.000559816,119.873,60.3965,0.719682,0.337936,0.0695037,0.46092,0.408861,198.95,5.27236,-61.0778,0.353813,0.1,2.54028,-60.9102,0.521383,-134.439,0.698474,0.36651,0.0593961,189.935,0.822189,0.839429,514.331,2069.67
decorr,0,51.3967,656199,3.82498,0.191418,19.8137,0.588159,3.36606,10.7136,0.808824,0.0781853,0.159734,0.447154,0.00199977,101.189,63.3519,0.767759,0.273988,0.227566,0.884266,0.694446,252.318,6.69207,-60.5844,0.374262,0.0866667,2.26139,-72.912,0.442805,-145.147,0.860346,0.230995,0.15754,242.625,0.876474,0.587996,424.93,2089.67
decorr,1,51.6426,656988,3.99887,0.201061,21.1471,0.62323,3.4853,11.1527,0.852941,0.0801158,0.168053,0.474255,0.00099585,101.975,59.8927,0.888307,0.284178,0.226566,0.879241,8.04282,255.963,6.32309,-60.7076,0.456891,0.146667,2.20719,-89.4282,0.439656,-161.185,0.9049,0.24395,0.197485,362.842,0.949969,0.585788,444.346,2078
decorr,2,51.487,654716,3.92109,0.209257,20.5098,0.606821,3.42041,10.9846,0.823529,0.0897683,0.181364,0.476965,0.001001,184.755,56.8246,0.908881,0.309628,0.233233,0.912984,1.63894,153.404,1.18657,-60.8062,0.440004,0.106667,1.82266,-50.3162,0.37249,-121.401,1.16969,0.265185,0.210521,169.882,0.82281,0.663994,420.781,2065.33
decorr,3,51.4976,656260,3.78672,0.200096,19.6961,0.56628,3.29118,10.7037,0.882353,0.0839768,0.168053,0.452575,0.00491611,100.862,52.2201,0.826578,0.301439,0.226295,0.877881,9.83937,426.883,21.9978,-61.0009,0.42374,0.14,1.84646,-91.7084,0.373084,-163.892,0.827156,0.2526,0.00199033,268.486,0.901568,0.630358,423.515,2060.67
decorr,4,51.5971,654770,4.00788,0.208775,21.2206,0.641248,3.46644,11.1698,0.867647,0.0878378,0.176373,0.479675,0.00238471,157.284,61.8828,0.870147,0.272304,0.226486,0.878842,3.38272,348.724,9.81728,-60.8479,0.375853,0.113333,1.79147,-70.58,0.367885,-144.291,0.936171,0.273877,0.186754,253.717,0.897334,0.614329,426.849,2060.67
decorr,5,51.5801,656096,3.97637,0.204918,21.2794,0.6287,3.42097,11.0912,0.838235,0.0839768,0.173045,0.479675,0.00369442,117.006,57.0226,0.852945,0.277569,0.22939,0.893464,3.80019,167.135,7.72478,-60.8748,0.393767,0.173333,2.61183,-67.3807,0.522736,-140.765,1.09411,0.288479,0.197218,124.742,0.613564,0.642478,460.575,2071.33
decorr,6,51.4975,656104,3.87978,0.202507,19.9657,0.586873,3.44149,10.8744,0.808824,0.0801158,0.1797,0.471545,0.00179182,166.255,62.3739,0.844451,0.262162,0.235156,0.922827,3.78516,286.231,2.70314,-60.7695,0.376197,0.106667,1.44779,-98.3661,0.287412,-170.948,1.20615,0.268545,0.199997,322.067,0.932253,0.666878,404.187,2035.33
decorr,7,51.4394,654609,4.00386,0.199614,21.5931,0.615508,3.45646,11.1671,0.852941,0.0868726,0.168053,0.447154,0.000591068,86.3539,57.959,0.80903,0.271816,0.23016,0.897361,8.85171,409.06,11.9778,-61.1442,0.430823,0.12,2.49175,-111.95,0.505984,-183.938,0.694003,0.18736,-0.170533,234.656,0.890983,0.558723,425.075,2099
decorr,8,51.6012,655312,4.15252,0.202507,21.6716,0.6361,3.66334,11.5935,0.838235,0.0743243,0.184692,0.474255,0.00385162,159.73,62.8589,0.882307,0.264621,0.22966,0.894826,2.89766,210.247,1.78343,-61.183,0.40732,0.06,2.35554,-53.3044,0.471798,-126.134,1.00609,0.278996,0.132692,234.824,0.882635,0.610684,453.6,2119.33
decorr,9,51.5297,656812,4.07104,0.189489,22.0294,0.623874,3.46866,11.421,0.794118,0.0666023,0.164725,0.463415,0.000908807,135.037,64.2594,0.768436,0.223901,0.225955,0.876177,3.00858,230.303,6.96779,-61.0778,0.316035,0.0666667,2.39695,-84.3333,0.491966,-157.862,0.667311,0.229798,0.235244,174.515,0.767877,0.592778,428.848,2077.67
drive0.5,0,37.9561,326978,2.57072,0.157184,16.7353,0.311776,1.96839,7.28365,0.838235,0.0579151,0.104825,0.395664,0.00140282,207.592,46.9789,0.72494,0.394166,0.245533,0.976799,0.491443,244.521,3.22007,-60.5844,0.348462,0.133333,2.52021,-46.352,0.493484,-118.587,1.28274,0.233264,0.189426,245.454,0.917642,0.676749,357.69,1583.33
drive0.5,1,38.0223,327309,2.52845,0.150916,15.8922,0.290219,1.97171,7.25655,0.794118,0.0492278,0.109817,0.384824,0.000633452,147.381,45.2998,0.720226,0.411498,0.24553,0.976784,5.24268,176.455,2.89651,-60.7076,0.433741,0.24,2.53246,-88.6499,0.504449,-160.407,1.15657,0.264461,0.189373,263.388,0.929125,0.714907,335.456,1574
drive0.5,2,37.9747,327297,2.54838,0.153809,16.5686,0.317889,1.90627,7.27281,0.838235,0.0550193,0.113145,0.371274,0.00155801,169.344,31.399,0.72519,0.390954,0.245527,0.97677,4.28861,197.697,7.15588,-60.8062,0.37877,0.24,2.42049,-71.9347,0.494666,-143.02,1.33324,0.226814,0.186409,222.695,0.903635,0.647098,321.901,1567.67
drive0.5,3,37.9607,327275,2.4955,0.168274,15.6323,0.32175,1.92402,7.1084,0.823529,0.0772201,0.114809,0.390244,0.00244005,187.945,40.781,0.72939,0.439159,0.245511,0.976687,8.74763,270.006,15.7754,-61.0009,0.416456,0.253333,2.22999,-70.3668,0.450577,-142.55,1.22571,0.254864,0.190033,188.837,0.844213,0.601511,349.943,1576.67
drive0.5,4,37.9848,327119,2.54645,0.157666,16.4902,0.290219,1.94731,7.28726,0.838235,0.0579151,0.108153,0.392954,0.000685771,196.397,51.4826,0.678847,0.423657,0.245521,0.976736,2.90741,131.061,5.08215,-60.8479,0.332906,0.153333,2.54452,-72.8393,0.522525,-146.55,1.33629,0.230997,0.189294,128.102,0.625456,0.65802,335.213,1569.67
drive0.5,5,37.959,327766,2.50498,0.15622,15.8676,0.294723,1.97005,7.11924,0.838235,0.0617761,0.103161,0.382114,0.00180685,145.504,48.3038,0.680898,0.426355,0.245518,0.976724,7.75366,145.004,5.3969,-60.8748,0.366935,0.166667,2.5749,-70.6731,0.515343,-144.057,1.16168,0.233455,0.193671,265.814,0.930912,0.635353,334.206,1553.67
drive0.5,6,37.9546,327363,2.6395,0.155256,17.2402,0.340412,1.9523,7.52303,0.823529,0.0550193,0.104825,0.395664,0.00206743,193.287,48.0637,0.72408,0.348723,0.245531,0.976791,6.63411,102.685,7.2939,-60.7695,0.359906,0.186667,2.35566,-68.037,0.467641,-140.619,1.27735,0.229022,0.219259,180.296,0.837126,0.663641,349.865,1556.33
drive0.5,7,38.0047,327940,2.59965,0.15188,17.1569,0.316281,1.90239,7.46342,0.852941,0.0482625,0.101498,0.395664,0.00223351,178.821,47.8242,0.713663,0.389973,0.245516,0.976713,7.96633,177.583,5.32968,-61.1442,0.401621,0.14,1.46814,-34.2422,0.298125,-106.23,1.24534,0.211806,0.168876,288.771,0.942931,0.642726,350.432,1595.67
drive0.5,8,38.0548,328220,2.54532,0.148023,16.2304,0.310489,1.95119,7.26558,0.808824,0.0492278,0.104825,0.373984,0.00410578,187.27,50.8912,0.69402,0.403645,0.245509,0.976677,3.32304,191.01,2.82608,-61.183,0.367685,0.16,1.5478,-42.1992,0.310014,-115.029,1.31696,0.206187,0.187436,239.785,0.928058,0.671825,349.933,1592.67
drive0.5,9,37.8745,328164,2.45484,0.14513,15.7402,0.285071,1.90904,6.98735,0.794118,0.0521236,0.104825,0.352304,0.00287092,207.25,48.7716,0.655463,0.401831,0.245528,0.976772,0.060948,70.1723,0.399223,-61.0778,0.333092,0.173333,3.58389,-54.2882,0.735581,-127.817,1.24828,0.215882,0.152863,70.1963,0.0763273,0.636715,330.996,1555
drive1.5,0,63.9701,983587,5.17551,0.22999,23.4755,0.810811,5.0416,14.2755,0.852941,0.0974903,0.221298,0.501355,0.00244802,205.515,58.9685,1.10406,0.242435,0.245533,0.976799,8.17861,652.746,26.4307,-60.5844,0.397784,0.1,2.56125,-62.4904,0.501521,-134.726,2.02878,0.356036,0.227943,331.349,0.943022,0.848202,615.443,2537
drive1.5,1,63.8064,983187,5.09675,0.237223,23.0196,0.777349,4.99279,14.0903,0.882353,0.0994209,0.229617,0.517615,0.0029549,237.95,57.4409,1.11213,0.280586,0.24553,0.976784,4.61643,213.996,8.29706,-60.7076,0.409952,0.0866667,2.49411,-77.5538,0.496809,-149.311,2.05232,0.367372,0.265294,151.53,0.682614,0.845077,582.165,2521.33
drive1.5,2,63.8283,984245,5.14754,0.232401,23.5049,0.795045,5.03772,14.1635,0.852941,0.100386,0.221298,0.506775,0.0029551,273.825,66.0811,1.07242,0.2493,0.245527,0.97677,2.7366,213.778,7.28756,-60.8062,0.364057,0.0866667,2.50298,-72.2328,0.511525,-143.318,2.16609,0.359549,0.266486,204.926,0.873731,0.835466,588.793,2512.33
drive1.5,3,63.8582,983053,5.16827,0.24108,22.6667,0.851995,5.10704,14.1617,0.852941,0.109073,0.22629,0.523035,0.00604852,258.423,59.1034,1.15861,0.307985,0.245511,0.976687,1.6222,242.585,10.2357,-61.0009,0.465456,0.106667,2.81892,-67.1737,0.569573,-139.357,2.23787,0.353659,0.221078,196.671,0.837073,0.836855,621.073,2530.67
drive1.5,4,63.8153,982336,5.25362,0.235776,24.201,0.853604,5.07155,14.4119,0.882353,0.104247,0.224626,0.504065,0.00259549,216.763,56.1797,1.07188,0.264748,0.245521,0.976736,1.86358,177.806,3.72741,-60.8479,0.500425,0.166667,1.42416,-94.2335,0.292457,-167.944,2.06658,0.367417,0.266826,180.324,0.784879,0.844185,615.956,2530.67
drive1.5,5,63.9265,983121,5.16393,0.235294,23.0637,0.802123,5.0782,14.2511,0.867647,0.101351,0.22629,0.509485,0.0039239,244.248,59.0427,1.0897,0.288445,0.245518,0.976724,5.73245,292.544,9.23906,-60.8748,0.443326,0.0733333,2.70905,-63.5843,0.542193,-136.968,2.29684,0.33969,0.236202,153.267,0.767018,0.821025,596.696,2520.33
drive1.5,6,63.8506,983031,5.02941,0.23433,22.1471,0.789575,4.96339,13.8862,0.897059,0.100386,0.222962,0.506775,0.00193625,230.887,58.2082,1.08731,0.275056,0.245531,0.976791,0.482074,179.044,1.00455,-60.7695,0.458514,0.133333,2.121,-64.4348,0.421056,-137.017,2.15794,0.352819,0.218803,178.932,0.806979,0.820472,627.719,2485.33
drive1.5,7,63.9176,982687,5.14272,0.223722,23.2206,0.796332,5.05324,14.1599,0.838235,0.0926641,0.216306,0.490515,0.00399056,264.543,66.5531,1.05403,0.251695,0.245516,0.976713,1.2613,320.425,10.4936,-61.1442,0.362069,0.04,1.90848,-35.1348,0.387543,-107.122,2.07292,0.357208,0.26938,259.229,0.907004,0.842261,626.979,2531
drive1.5,8,63.8812,982771,5.22533,0.236741,23.652,0.856821,5.11869,14.2683,0.867647,0.108108,0.221298,0.506775,0.00336447,220.412,61.1063,1.07879,0.236011,0.245509,0.976677,1.07518,247.279,6.57199,-61.183,0.37326,0.00666667,2.35083,-90.6844,0.470855,-163.515,2.15464,0.354015,0.241004,199.198,0.853519,0.824839,623.622,2530.33
drive1.5,9,63.91,983896,5.26921,0.237223,23.9559,0.859073,5.14919,14.4029,0.897059,0.105212,0.222962,0.509485,0.0030616,217.826,60.7012,1.109,0.261718,0.245528,0.976772,1.56522,373.313,11.79,-61.0778,0.432639,0.0866667,2.82778,-61.292,0.580392,-134.821,2.17195,0.358524,0.211968,280.48,0.897338,0.847449,632.349,2532
synch,0,49.9809,628878,3.7377,0.206365,19.4265,0.53861,3.37105,10.4255,0.882353,0.0849421,0.191348,0.447154,0.00617772,154.535,28.2588,1.30319,0.338103,0.245533,0.976799,7.00973,289.337,15.3009,-60.5844,0.403087,0.193333,1.54486,-52.8306,0.3025,-125.066,2.04716,0.290426,0.215767,202.076,0.834916,0.66383,566.345,1988.67
synch,1,55.1985,693690,4.13067,0.222276,20.4363,0.573037,3.87465,11.5312,0.867647,0.0810811,0.232945,0.482385,0.00462511,58.0151,29.4865,1.35236,0.283283,0.24553,0.976784,1.29083,291.401,7.03214,-60.7076,0.416866,0.22,1.87741,-102.43,0.373966,-174.187,1.8038,0.314943,0.192055,295.493,0.923878,0.658139,603.228,2152
synch,2,57.2886,682797,4.40421,0.215043,21.7255,0.626448,4.11592,12.2882,0.882353,0.0772201,0.211314,0.485095,0.00729599,79.2672,30.8298,1.44168,0.292752,0.245527,0.97677,3.39552,364.884,1.08978,-60.8062,0.436838,0.133333,3.52851,-78.63,0.721109,-149.715,1.80302,0.321334,0.221816,396.355,0.958065,0.660212,606.171,2222.33
synch,3,48.3027,628741,3.68194,0.201543,20.2353,0.527027,3.17582,10.3135,0.852941,0.0733591,0.189684,0.460705,0.00747726,120.477,28.9999,1.2878,0.325922,0.245511,0.976687,1.63825,334.894,12.3167,-61.0009,0.448038,0.166667,3.65746,-65.1363,0.739003,-137.319,1.63986,0.28836,0.207392,253.297,0.904504,0.595267,523.882,1926.67
synch,4,53.0425,716030,3.98971,0.210222,19.9118,0.552445,3.70882,11.1635,0.882353,0.0743243,0.204659,0.476965,0.00770241,96.2998,29.6091,1.40328,0.323045,0.245521,0.976736,0.290803,191.964,1.92443,-60.8479,0.460684,0.226667,3.56492,-60.7107,0.732069,-134.422,1.82294,0.326632,0.212602,178.496,0.849572,0.676723,625.088,2095.33
synch,5,50.711,652183,3.77355,0.202989,19.8137,0.532819,3.35441,10.5989,0.852941,0.0762548,0.191348,0.457995,0.00459957,103.17,31.5257,1.26673,0.30398,0.245518,0.976724,6.32003,215.28,2.33802,-60.8748,0.432936,0.18,3.24329,-73.2069,0.649116,-146.591,1.61911,0.306583,0.235441,269.702,0.911145,0.606109,546.851,1986.67
synch,6,52.3946,672178,3.95211,0.213597,19.8725,0.564994,3.67332,10.9819,0.882353,0.0810811,0.207987,0.471545,0.00359454,105.976,28.1156,1.45662,0.310557,0.245531,0.976791,7.97923,432.504,19.4475,-60.7695,0.440567,0.2,3.16494,-66.8247,0.628299,-139.407,1.75242,0.321309,0.206051,230.352,0.890925,0.648294,575.823,2051.33
synch,7,51.3721,656803,3.78817,0.197686,19.5245,0.517696,3.43982,10.6378,0.867647,0.0704633,0.186356,0.449865,0.00571865,87.6571,31.0172,1.30342,0.342598,0.245516,0.976713,2.98127,281.124,8.45781,-61.1442,0.424932,0.126667,2.18756,-72.516,0.444214,-144.504,1.76744,0.318093,0.181362,184.82,0.824572,0.704373,602.764,2026.33
synch,8,50.717,683280,3.86564,0.189489,20.6324,0.533462,3.4071,10.878,0.867647,0.0559846,0.183028,0.449865,0.00426971,92.7951,30.5814,1.29278,0.28829,0.245509,0.976677,3.76568,199.401,7.80132,-61.183,0.400175,0.16,3.98214,-82.9074,0.797596,-155.738,1.56306,0.324669,0.20292,182.663,0.840835,0.718919,588.602,2010.67
synch,9,50.957,662043,3.73899,0.2054,19.1422,0.513192,3.41653,10.4824,0.897059,0.0762548,0.193012,0.460705,0.00672401,93.6023,25.765,1.37079,0.354141,0.245528,0.976772,5.19318,177.833,7.77295,-61.0778,0.483387,0.173333,3.87878,-66.9396,0.796106,-140.469,1.65581,0.301184,0.164214,118.802,0.648163,0.602482,549.557,2003
