metric,contrast,n,mean_self,mean_ctrl,diff,se,df,cohens_d,sesoi_d,bound_d_raw,p_tost_d,ci90_lo_d,ci90_hi_d,sesoi_pct,bound_pct_raw,p_tost_pct,ci90_lo_pct,ci90_hi_pct,bf10,bf01
pool_rate_hz,self_vs_flow,10,50.6779,50.6251,0.05279,0.0277492,17.0959,0.850777,0.5,0.0310246,0.778219,0.00453282,0.101047,10,5.06251,8.65085e-30,0.00453282,0.101047,1.32905,0.752419
pool_rate_hz,self_vs_shuffle,10,50.6779,50.6493,0.02867,0.0288739,17.673,0.444056,0.5,0.0322819,0.450931,-0.0214493,0.0787893,10,5.06493,2.37134e-30,-0.0214493,0.0787893,0.560725,1.7834
pool_rate_hz,self_vs_randmat,10,50.6779,50.6898,-0.01189,0.024983,14.1986,-0.21284,0.5,0.0279318,0.265517,-0.0558493,0.0320693,10,5.06898,2.64128e-26,-0.0558493,0.0320693,0.430497,2.3229
pool_rate_hz,self_vs_decorr,10,50.6779,50.5686,0.10933,0.0291896,17.7786,1.67505,0.5,0.0326349,0.9914,0.0586793,0.159981,10,5.05686,2.79822e-30,0.0586793,0.159981,21.9833,0.045489
injected_events,self_vs_flow,10,702809,702501,307.3,626.914,17.1336,0.219215,0.5,700.911,0.269189,-782.795,1397.39,10,70250.1,2.89235e-26,-782.795,1397.39,0.432594,2.31164
injected_events,self_vs_shuffle,10,702809,702607,201.2,457.795,14.9282,0.19655,0.5,511.83,0.253908,-601.59,1003.99,10,70260.7,1.42072e-25,-601.59,1003.99,0.425456,2.35042
injected_events,self_vs_randmat,10,702809,702536,272.4,457.155,14.8824,0.266477,0.5,511.114,0.304617,-529.431,1074.23,10,70253.6,1.63911e-25,-529.431,1074.23,0.450431,2.22009
injected_events,self_vs_decorr,10,702809,702837,-28.8,458.074,14.9481,-0.0281172,0.5,512.142,0.154054,-832.01,774.41,10,70283.7,1.2744e-25,-832.01,774.41,0.397837,2.5136
cx_rate_hz,self_vs_flow,10,4.13276,4.06395,0.068805,0.0301294,17.8613,1.02128,0.5,0.0336856,0.870451,0.0165368,0.121073,10,0.406395,8.23284e-10,0.0165368,0.121073,2.16398,0.462111
cx_rate_hz,self_vs_shuffle,10,4.13276,4.12162,0.011139,0.0371963,16.6385,0.133925,0.5,0.0415868,0.212301,-0.053649,0.075927,10,0.412162,3.18378e-09,-0.053649,0.075927,0.410146,2.43816
cx_rate_hz,self_vs_randmat,10,4.13276,4.12308,0.009676,0.0291716,17.5465,0.148338,0.5,0.0326148,0.221079,-0.0409803,0.0603323,10,0.412308,3.69406e-11,-0.0409803,0.0603323,0.413116,2.42063
cx_rate_hz,self_vs_decorr,10,4.13276,4.17123,-0.038474,0.0349935,17.3514,-0.491694,0.5,0.0391239,0.492697,-0.0992781,0.0223301,10,0.417123,1.93857e-09,-0.0992781,0.0223301,0.605105,1.65261
cx_active_fraction,self_vs_flow,10,0.221842,0.219817,0.002025,0.00150062,16.2069,0.60349,0.5,0.00167774,0.590054,-0.000592854,0.00464285,10,0.0219817,1.93556e-10,-0.000592854,0.00464285,0.743597,1.34481
cx_active_fraction,self_vs_shuffle,10,0.221842,0.221842,0,0.0017996,13.9833,0,0.5,0.00201201,0.141197,-0.00316992,0.00316992,10,0.0221842,3.35329e-09,-0.00316992,0.00316992,0.397277,2.51714
cx_active_fraction,self_vs_randmat,10,0.221842,0.222421,-0.0005787,0.00147742,16.4079,-0.175172,0.5,0.0016518,0.238934,-0.00315417,0.00199677,10,0.0222421,3.7314e-11,-0.00315417,0.00199677,0.419518,2.38369
cx_active_fraction,self_vs_decorr,10,0.221842,0.213018,0.0088234,0.00176975,14.1668,2.22966,0.5,0.00197864,0.999164,0.00570891,0.0119379,10,0.0213019,2.69979e-06,0.00570891,0.0119379,204.144,0.00489851
ring_rate_hz,self_vs_flow,10,20.9417,20.4564,0.48528,0.275095,17.9975,0.788904,0.5,0.307566,0.736787,0.00824333,0.962317,10,2.04564,1.11116e-05,0.00824333,0.962317,1.13222,0.88322
ring_rate_hz,self_vs_shuffle,10,20.9417,21.0608,-0.11912,0.300914,17.5811,-0.177034,0.5,0.336432,0.239842,-0.641598,0.403358,10,2.10608,1.89e-06,-0.641598,0.403358,0.420005,2.38092
ring_rate_hz,self_vs_randmat,10,20.9417,20.9049,0.03676,0.274932,17.9969,0.0597951,0.5,0.307383,0.169002,-0.439994,0.513514,10,2.09049,3.21055e-07,-0.439994,0.513514,0.399813,2.50117
ring_rate_hz,self_vs_decorr,10,20.9417,21.824,-0.88237,0.32673,16.6678,-1.20775,0.5,0.365295,0.933847,-1.4514,-0.313337,10,2.1824,0.000502141,-1.4514,-0.313337,3.94226,0.253662
columnar_rate_hz,self_vs_flow,10,0.707754,0.681499,0.0262548,0.0100091,17.3416,1.17308,0.5,0.0111906,0.924846,0.00886254,0.0436471,10,0.0681499,0.000298481,0.00886254,0.0436471,3.50987,0.284911
columnar_rate_hz,self_vs_shuffle,10,0.707754,0.707915,-0.0001609,0.0166505,13.6066,-0.0043216,0.5,0.0186158,0.143455,-0.0295476,0.0292258,10,0.0707915,0.00043603,-0.0295476,0.0292258,0.39729,2.51705
columnar_rate_hz,self_vs_randmat,10,0.707754,0.7074,0.0003539,0.0111501,17.9752,0.0141944,0.5,0.0124662,0.145851,-0.0189825,0.0196903,10,0.07074,3.0088e-06,-0.0189825,0.0196903,0.39742,2.51623
columnar_rate_hz,self_vs_decorr,10,0.707754,0.699742,0.0080117,0.0126719,16.9047,0.282746,0.5,0.0141676,0.316675,-0.0140396,0.030063,10,0.0699743,7.01348e-05,-0.0140396,0.030063,0.457551,2.18555
fanbody_rate_hz,self_vs_flow,10,3.67659,3.64165,0.03494,0.0117461,15.5,1.33028,0.5,0.0131326,0.958758,0.0143919,0.0554881,10,0.364165,5.29702e-15,0.0143919,0.0554881,6.03229,0.165775
fanbody_rate_hz,self_vs_shuffle,10,3.67659,3.63977,0.036825,0.0125813,14.6475,1.30898,0.5,0.0140663,0.954485,0.0147344,0.0589156,10,0.363977,5.72483e-14,0.0147344,0.0589156,5.59359,0.178776
fanbody_rate_hz,self_vs_randmat,10,3.67659,3.66922,0.007375,0.0119481,15.2827,0.276045,0.5,0.0133583,0.311831,-0.0135452,0.0282952,10,0.366922,2.53174e-15,-0.0135452,0.0282952,0.454555,2.19995
fanbody_rate_hz,self_vs_decorr,10,3.67659,3.62818,0.048417,0.0240555,10.3746,0.900117,0.5,0.0268948,0.804381,0.00497659,0.0918574,10,0.362818,4.46309e-08,0.00497659,0.0918574,1.52023,0.657795
other_rate_hz,self_vs_flow,10,11.3941,11.2275,0.16667,0.0926409,17.7323,0.804581,0.5,0.103576,0.747686,0.00589334,0.327447,10,1.12275,3.1912e-09,0.00589334,0.327447,1.17809,0.848829
other_rate_hz,self_vs_shuffle,10,11.3941,11.3691,0.025,0.103803,17.8014,0.107708,0.5,0.116055,0.196034,-0.155109,0.205109,10,1.13691,1.72584e-09,-0.155109,0.205109,0.405559,2.46573
other_rate_hz,self_vs_randmat,10,11.3941,11.3595,0.0346,0.0848059,16.1356,0.182459,0.5,0.0948159,0.243906,-0.113385,0.182585,10,1.13595,2.91676e-10,-0.113385,0.182585,0.421457,2.37272
other_rate_hz,self_vs_decorr,10,11.3941,11.5491,-0.15501,0.0975935,17.9975,-0.710319,0.5,0.109113,0.678101,-0.324245,0.0142247,10,1.15491,3.07433e-09,-0.324245,0.0142247,0.936705,1.06757
ring_active_fraction,self_vs_flow,10,0.867647,0.863235,0.0044117,0.00905206,15.3719,0.217958,0.5,0.0101205,0.268762,-0.0114318,0.0202552,10,0.0863235,7.50524e-08,-0.0114318,0.0202552,0.432175,2.31388
ring_active_fraction,self_vs_shuffle,10,0.867647,0.879412,-0.0117648,0.00571667,14.7365,-0.920358,0.5,0.00639143,0.818802,-0.0217982,-0.00173142,10,0.0879412,6.37673e-10,-0.0217982,-0.00173142,1.60901,0.621499
ring_active_fraction,self_vs_randmat,10,0.867647,0.867647,0,0.00759415,17.5135,0,0.5,0.00849051,0.139327,-0.0131886,0.0131886,10,0.0867647,7.57934e-10,-0.0131886,0.0131886,0.397277,2.51714
ring_active_fraction,self_vs_decorr,10,0.867647,0.833823,0.0338237,0.00694972,17.9996,2.17655,0.5,0.00777002,0.999265,0.0217724,0.045875,10,0.0833823,6.05257e-07,0.0217724,0.045875,164.494,0.00607925
columnar_active_fraction,self_vs_flow,10,0.107433,0.104537,0.00289582,0.00147512,17.7288,0.877931,0.5,0.00164923,0.795337,0.000335754,0.00545589,10,0.0104537,3.72378e-05,0.000335754,0.00545589,1.43007,0.699266
columnar_active_fraction,self_vs_shuffle,10,0.107433,0.107143,0.00028962,0.00269215,11.6654,0.048111,0.5,0.00300992,0.166389,-0.00452006,0.0050993,10,0.0107143,0.00116737,-0.00452006,0.0050993,0.398917,2.50679
columnar_active_fraction,self_vs_randmat,10,0.107433,0.108591,-0.0011582,0.00171041,16.0536,-0.302829,0.5,0.0019123,0.332587,-0.00414377,0.00182737,10,0.0108591,1.71313e-05,-0.00414377,0.00182737,0.467073,2.14099
columnar_active_fraction,self_vs_decorr,10,0.107433,0.0935328,0.0138997,0.00216077,13.3336,2.8768,0.5,0.00241582,0.999936,0.0100804,0.0177189,10,0.00935328,0.972557,0.0100804,0.0177189,2725.2,0.000366945
fanbody_active_fraction,self_vs_flow,10,0.186689,0.183194,0.0034944,0.00201893,16.678,0.774044,0.5,0.00225723,0.725857,-2.16531e-05,0.00701045,10,0.0183194,6.44606e-07,-2.16531e-05,0.00701045,1.09102,0.916577
fanbody_active_fraction,self_vs_shuffle,10,0.186689,0.184359,0.0023296,0.00179893,17.8388,0.579137,0.5,0.00201127,0.569232,-0.000791393,0.00545059,10,0.0184359,2.56405e-08,-0.000791393,0.00545059,0.708693,1.41105
fanbody_active_fraction,self_vs_randmat,10,0.186689,0.184526,0.0021631,0.00197263,16.9616,0.490394,0.5,0.00220547,0.491557,-0.00126895,0.00559515,10,0.0184526,1.20155e-07,-0.00126895,0.00559515,0.603792,1.6562
fanbody_active_fraction,self_vs_decorr,10,0.186689,0.182862,0.0038272,0.00222196,15.4438,0.770302,0.5,0.00248422,0.722827,-6.06621e-05,0.00771506,10,0.0182862,4.2952e-06,-6.06621e-05,0.00771506,1.08097,0.925094
other_active_fraction,self_vs_flow,10,0.481301,0.484553,-0.003252,0.00504575,17.6614,-0.288231,0.5,0.00564131,0.320818,-0.0120107,0.00550674,10,0.0484553,2.76076e-08,-0.0120107,0.00550674,0.460069,2.17359
other_active_fraction,self_vs_shuffle,10,0.481301,0.48374,-0.002439,0.00386327,14.7471,-0.28234,0.5,0.00431927,0.316811,-0.00921914,0.00434114,10,0.048374,2.96435e-09,-0.00921914,0.00434114,0.457366,2.18643
other_active_fraction,self_vs_randmat,10,0.481301,0.484824,-0.003523,0.00479107,17.9645,-0.328848,0.5,0.00535658,0.353213,-0.0118319,0.00478592,10,0.0484824,1.1979e-08,-0.0118319,0.00478592,0.480678,2.0804
other_active_fraction,self_vs_decorr,10,0.481301,0.483198,-0.001897,0.00388013,14.8912,-0.218643,0.5,0.00433812,0.269397,-0.00870233,0.00490833,10,0.0483198,2.44429e-09,-0.00870233,0.00490833,0.432403,2.31266
pair_corr,self_vs_flow,10,0.003088,0.00310317,-1.5169e-05,0.000556678,17.7429,-0.0121862,0.5,0.000622385,0.14498,-0.000981243,0.000950905,10,0.000310316,0.301275,-0.000981243,0.000950905,0.397382,2.51647
pair_corr,self_vs_shuffle,10,0.003088,0.00297302,0.000114977,0.000525449,17.9971,0.0978577,0.5,0.00058747,0.190206,-0.000796194,0.00102615,10,0.000297302,0.366312,-0.000796194,0.00102615,0.404102,2.47462
pair_corr,self_vs_randmat,10,0.003088,0.00341299,-0.000324992,0.0005013,17.8717,-0.289928,0.5,0.00056047,0.322112,-0.00119462,0.000544632,10,0.000341299,0.487205,-0.00119462,0.000544632,0.460861,2.16985
pair_corr,self_vs_decorr,10,0.003088,0.00255995,0.000528042,0.00053067,17.9815,0.444999,0.5,0.000593307,0.451741,-0.000392225,0.00144831,10,0.000255995,0.692781,-0.000392225,0.00144831,0.561532,1.78084
tau_ms,self_vs_flow,10,246.932,252.35,-5.4182,6.31331,17.5692,-0.383807,0.5,7.0585,0.399013,-16.3804,5.54404,10,25.235,0.00290135,-16.3804,5.54404,0.514535,1.9435
tau_ms,self_vs_shuffle,10,246.932,241.602,5.3299,8.65633,15.6786,0.27536,0.5,9.67807,0.311215,-9.80207,20.4619,10,24.1602,0.022635,-9.80207,20.4619,0.454254,2.20141
tau_ms,self_vs_randmat,10,246.932,238.172,8.7606,8.52714,15.8736,0.459457,0.5,9.53364,0.46445,-6.13408,23.6553,10,23.8172,0.0483333,-6.13408,23.6553,0.574256,1.74138
tau_ms,self_vs_decorr,10,246.932,163.308,83.6238,6.37371,17.6789,5.86749,0.5,7.12603,1,72.5605,94.6871,10,16.3308,1,72.5605,94.6871,4.07592e+07,2.45343e-08
dim,self_vs_flow,10,50.4211,51.3502,-0.92908,1.36619,16.6746,-0.304128,0.5,1.52745,0.33351,-3.30838,1.45022,10,5.13502,0.00346453,-3.30838,1.45022,0.467718,2.13804
dim,self_vs_shuffle,10,50.4211,51.8109,-1.38979,1.61428,14.5644,-0.385022,0.5,1.80482,0.400349,-4.22527,1.44569,10,5.18109,0.0167108,-4.22527,1.44569,0.515367,1.94036
dim,self_vs_randmat,10,50.4211,49.4298,0.99126,1.31329,17.1479,0.337552,0.5,1.46831,0.36043,-1.29222,3.27474,10,4.94298,0.00392207,-1.29222,3.27474,0.485563,2.05947
dim,self_vs_decorr,10,50.4211,59.0123,-8.59123,2.06307,12.2501,-1.86233,0.5,2.30658,0.995028,-12.262,-4.92049,10,5.90123,0.891878,-12.262,-4.92049,46.1454,0.0216706
pop_rate_sd_hz,self_vs_flow,10,1.02575,1.02921,-0.0034575,0.0174257,17.0006,-0.0887336,0.5,0.0194825,0.185318,-0.0337712,0.0268562,10,0.102921,1.28197e-05,-0.0337712,0.0268562,0.402881,2.48212
pop_rate_sd_hz,self_vs_shuffle,10,1.02575,1.02409,0.0016583,0.0181477,16.4998,0.0408655,0.5,0.0202897,0.1597,-0.0299667,0.0332833,10,0.102409,1.95828e-05,-0.0299667,0.0332833,0.39846,2.50966
pop_rate_sd_hz,self_vs_randmat,10,1.02575,1.03947,-0.0137237,0.0137367,17.1759,-0.44679,0.5,0.0153581,0.453335,-0.0376061,0.0101587,10,0.103947,2.27237e-06,-0.0376061,0.0101587,0.563072,1.77597
pop_rate_sd_hz,self_vs_decorr,10,1.02575,0.898512,0.127239,0.0185602,16.2107,3.06586,0.5,0.0207509,0.999985,0.0948606,0.159617,10,0.0898512,0.969566,0.0948606,0.159617,5659.19,0.000176704
bumpR,self_vs_flow,10,0.311335,0.320213,-0.0088786,0.0084936,17.3294,-0.467485,0.5,0.00949613,0.471436,-0.023638,0.00588078,10,0.0320213,0.00711785,-0.023638,0.00588078,0.58161,1.71936
bumpR,self_vs_shuffle,10,0.311335,0.319001,-0.0076667,0.0120276,13.2421,-0.285065,0.5,0.0134473,0.319318,-0.0289371,0.0136037,10,0.0319001,0.0323468,-0.0289371,0.0136037,0.458608,2.18051
bumpR,self_vs_randmat,10,0.311335,0.321399,-0.0100646,0.0100598,15.2201,-0.447426,0.5,0.0112472,0.453977,-0.0276832,0.00755405,10,0.0321399,0.0220612,-0.0276832,0.00755405,0.563622,1.77424
bumpR,self_vs_decorr,10,0.311335,0.268715,0.0426193,0.0115849,13.6068,1.64524,0.5,0.0129523,0.988483,0.0221729,0.0630657,10,0.0268715,0.901928,0.0221729,0.0630657,19.5741,0.051088
anat_gain_integral,self_vs_flow,10,4.08532,3.34566,0.739664,1.20707,15.091,0.274041,0.5,1.34955,0.310338,-1.37556,2.85488,10,0.334566,0.629105,-1.37556,2.85488,0.453677,2.20421
anat_gain_integral,self_vs_shuffle,10,4.08532,4.0225,0.062821,1.42975,17.9881,0.0196499,0.5,1.59851,0.148489,-2.41654,2.54218,10,0.40225,0.407513,-2.41654,2.54218,0.39755,2.51541
anat_gain_integral,self_vs_randmat,10,4.08532,3.50657,0.578747,1.34988,17.6004,0.191738,0.5,1.50921,0.249813,-1.76491,2.9224,10,0.350657,0.566127,-1.76491,2.9224,0.424053,2.3582
anat_gain_integral,self_vs_decorr,10,4.08532,5.87177,-1.78645,1.79435,16.0478,-0.445244,0.5,2.00615,0.452037,-4.91861,1.34571,10,0.587177,0.743299,-4.91861,1.34571,0.561743,1.78017
anat_resid_deg,self_vs_flow,10,274.357,214.619,59.7386,51.3378,11.6651,0.520395,0.5,57.3974,0.517802,-31.9794,151.457,10,21.4619,0.764662,-31.9794,151.457,0.635687,1.5731
anat_resid_deg,self_vs_shuffle,10,274.357,257.669,16.6881,58.0083,15.9305,0.128656,0.5,64.8553,0.209306,-84.6148,117.991,10,25.7669,0.438799,-84.6148,117.991,0.40914,2.44415
anat_resid_deg,self_vs_randmat,10,274.357,200.732,73.6253,55.8558,14.7738,0.589487,0.5,62.4486,0.577934,-24.3912,171.642,10,20.0732,0.823445,-24.3912,171.642,0.723169,1.3828
anat_resid_deg,self_vs_decorr,10,274.357,330.109,-55.7519,62.1177,17.3957,-0.401383,0.5,69.4497,0.414019,-163.671,52.1672,10,33.0109,0.640646,-163.671,52.1672,0.526962,1.89767
anat_gain_yaw,self_vs_flow,10,8.75844,4.51709,4.24135,1.82235,15.2548,1.04085,0.5,2.03745,0.877534,1.05017,7.43252,10,0.451709,0.972583,1.05017,7.43252,2.29755,0.435246
anat_gain_yaw,self_vs_shuffle,10,8.75844,9.78317,-1.02472,2.69769,16.0348,-0.169875,0.5,3.01611,0.235535,-5.73395,3.68451,10,0.978316,0.506756,-5.73395,3.68451,0.418163,2.39141
anat_gain_yaw,self_vs_randmat,10,8.75844,6.91407,1.84437,2.31732,17.7477,0.35594,0.5,2.59085,0.375559,-2.17711,5.86585,10,0.691407,0.687542,-2.17711,5.86585,0.496458,2.01427
anat_gain_yaw,self_vs_decorr,10,8.75844,12.2767,-3.51824,3.24187,13.82,-0.485339,0.5,3.62452,0.487158,-9.23344,2.19696,10,1.22767,0.754209,-9.23344,2.19696,0.598741,1.67017
turned_deg,self_vs_flow,10,-60.8996,-60.8996,0,0.0878527,18,-0,0.5,0.0982223,0.139126,-0.152342,0.152342,10,6.08996,1.30419e-23,-0.152342,0.152342,0.397277,2.51714
turned_deg,self_vs_shuffle,10,-60.8996,-60.8996,0,0.0878527,18,0,0.5,0.0982223,0.139126,-0.152342,0.152342,10,6.08996,1.30419e-23,-0.152342,0.152342,0.397277,2.51714
turned_deg,self_vs_randmat,10,-60.8996,-60.8996,0,0.0878527,18,0,0.5,0.0982223,0.139126,-0.152342,0.152342,10,6.08996,1.30419e-23,-0.152342,0.152342,0.397277,2.51714
turned_deg,self_vs_decorr,10,-60.8996,-60.8996,0,0.0878527,18,0,0.5,0.0982223,0.139126,-0.152342,0.152342,10,6.08996,1.30419e-23,-0.152342,0.152342,0.397277,2.51714
ring_pc12_var,self_vs_flow,10,0.417449,0.412784,0.0046644,0.0175061,16.0067,0.119157,0.5,0.0195724,0.203501,-0.0258985,0.0352273,10,0.0412784,0.0263916,-0.0258985,0.0352273,0.407434,2.45439
ring_pc12_var,self_vs_shuffle,10,0.417449,0.428377,-0.0109279,0.0158877,17.2094,-0.307603,0.5,0.017763,0.33619,-0.0385469,0.0166911,10,0.0428377,0.0302764,-0.0385469,0.0166911,0.46946,2.13011
ring_pc12_var,self_vs_randmat,10,0.417449,0.422782,-0.0053331,0.0130562,17.532,-0.182674,0.5,0.0145973,0.243653,-0.0280062,0.01734,10,0.0422782,0.00565539,-0.0280062,0.01734,0.421516,2.37239
ring_pc12_var,self_vs_decorr,10,0.417449,0.410123,0.0073261,0.015823,17.2542,0.207061,0.5,0.0176907,0.260543,-0.0201764,0.0348286,10,0.0410123,0.0239754,-0.0201764,0.0348286,0.428656,2.33287
ring_loop,self_vs_flow,10,0.114667,0.119333,-0.0046667,0.0200309,12.9798,-0.10419,0.5,0.0223952,0.196113,-0.0401443,0.0308109,10,0.0119333,0.361307,-0.0401443,0.0308109,0.405022,2.469
ring_loop,self_vs_shuffle,10,0.114667,0.118667,-0.00399987,0.0144905,16.7129,-0.123446,0.5,0.0162009,0.205837,-0.0292326,0.0212329,10,0.0118667,0.297185,-0.0292326,0.0212329,0.408187,2.44986
ring_loop,self_vs_randmat,10,0.114667,0.113334,0.00133326,0.0182926,13.8588,0.0325953,0.5,0.0204517,0.156921,-0.0309089,0.0335754,10,0.0113333,0.296648,-0.0309089,0.0335754,0.398029,2.51238
ring_loop,self_vs_decorr,10,0.114667,0.101333,0.0133335,0.0128659,17.8753,0.463466,0.5,0.0143845,0.4679,-0.00898524,0.0356522,10,0.0101333,0.596798,-0.00898524,0.0356522,0.577902,1.7304
ring_track_gain_yaw,self_vs_flow,10,2.31649,3.00433,-0.687839,0.197577,14.7827,-1.55692,0.5,0.220897,0.983872,-1.03454,-0.341143,10,0.300432,0.965488,-1.03454,-0.341143,13.9335,0.0717693
ring_track_gain_yaw,self_vs_shuffle,10,2.31649,2.61095,-0.294467,0.137581,17.8211,-0.957178,0.5,0.15382,0.839837,-0.533171,-0.0557627,10,0.261095,0.594442,-0.533171,-0.0557627,1.7882,0.559221
ring_track_gain_yaw,self_vs_randmat,10,2.31649,3.02649,-0.710002,0.197228,14.804,-1.60993,0.5,0.220508,0.987211,-1.05605,-0.363951,10,0.302649,0.971572,-1.05605,-0.363951,17.0738,0.0585693
ring_track_gain_yaw,self_vs_decorr,10,2.31649,1.95302,0.363463,0.183572,15.7076,0.885459,0.5,0.20524,0.799148,0.042601,0.684325,10,0.195302,0.813254,0.042601,0.684325,1.45986,0.684997
ring_lag_yaw_deg,self_vs_flow,10,-53.5917,-55.2839,1.69218,7.96788,17.8014,0.0949771,0.5,8.90836,0.188606,-12.133,15.5173,10,5.52839,0.318028,-12.133,15.5173,0.403703,2.47707
ring_lag_yaw_deg,self_vs_shuffle,10,-53.5917,-59.0985,5.50686,6.84441,14.4185,0.359818,0.5,7.65228,0.379211,-6.52359,17.5373,10,5.90985,0.476928,-6.52359,17.5373,0.498859,2.00457
ring_lag_yaw_deg,self_vs_randmat,10,-53.5917,-64.5485,10.9568,6.25503,11.0392,0.783374,0.5,6.99333,0.73039,-0.272873,22.1864,10,6.45485,0.756675,-0.272873,22.1864,1.11663,0.895549
ring_lag_yaw_deg,self_vs_decorr,10,-53.5917,-70.4808,16.8891,8.87781,17.7871,0.850778,0.5,9.92569,0.778426,1.48445,32.2938,10,7.04808,0.858795,1.48445,32.2938,1.32905,0.752417
ring_track_gain_head,self_vs_flow,10,0.466927,0.604822,-0.137894,0.0400189,15.3017,-1.54097,0.5,0.0447425,0.982985,-0.207959,-0.0678297,10,0.0604822,0.964112,-0.207959,-0.0678297,13.1134,0.0762578
ring_track_gain_head,self_vs_shuffle,10,0.466927,0.525596,-0.058669,0.0280123,17.4111,-0.936646,0.5,0.0313187,0.828873,-0.107333,-0.0100048,10,0.0525596,0.585055,-0.107333,-0.0100048,1.68533,0.593356
ring_track_gain_head,self_vs_randmat,10,0.466927,0.608588,-0.141661,0.0388383,15.6856,-1.63119,0.5,0.0434225,0.988723,-0.209552,-0.0737704,10,0.0608588,0.972875,-0.209552,-0.0737704,18.5363,0.0539482
ring_track_gain_head,self_vs_decorr,10,0.466927,0.392936,0.0739912,0.0371434,16.2647,0.890868,0.5,0.0415276,0.802582,0.0092078,0.138775,10,0.0392936,0.818056,0.0092078,0.138775,1.48177,0.674869
ring_lag_head_deg,self_vs_flow,10,-126.12,-127.812,1.6923,7.90448,17.719,0.0957457,0.5,8.83747,0.189077,-12.0264,15.411,10,12.7812,0.088968,-12.0264,15.411,0.403809,2.47642
ring_lag_head_deg,self_vs_shuffle,10,-126.12,-131.627,5.507,6.87367,14.5271,0.358295,0.5,7.685,0.377928,-6.5687,17.5827,10,13.1627,0.141733,-6.5687,17.5827,0.497912,2.00839
ring_lag_head_deg,self_vs_randmat,10,-126.12,-137.077,10.9568,6.26142,11.0361,0.782575,0.5,7.00048,0.729826,-0.284616,22.1982,10,13.7077,0.334447,-0.284616,22.1982,1.11441,0.897337
ring_lag_head_deg,self_vs_decorr,10,-126.12,-143.009,16.8893,8.90666,17.7723,0.848031,0.5,9.95795,0.776662,1.43385,32.3448,10,14.3009,0.612643,1.43385,32.3448,1.31936,0.757941
cx_yaw_modulation_hz,self_vs_flow,10,1.96937,1.98219,-0.012821,0.0413192,12.9672,-0.138767,0.5,0.0461962,0.216903,-0.0860087,0.0603667,10,0.198219,0.000307727,-0.0860087,0.0603667,0.411108,2.43245
cx_yaw_modulation_hz,self_vs_shuffle,10,1.96937,1.95383,0.015539,0.0435469,12.5317,0.159581,0.5,0.0486869,0.230311,-0.0618006,0.0928786,10,0.195383,0.000638439,-0.0618006,0.0928786,0.415658,2.40582
cx_yaw_modulation_hz,self_vs_randmat,10,1.96937,1.98972,-0.020346,0.0394148,13.4027,-0.230852,0.5,0.0440671,0.278665,-0.089987,0.049295,10,0.198972,0.000261295,-0.089987,0.049295,0.436608,2.29039
cx_yaw_modulation_hz,self_vs_decorr,10,1.96937,1.25331,0.716062,0.0363454,14.2529,8.81082,0.5,0.0406354,1,0.652127,0.779997,10,0.125331,1,0.652127,0.779997,2.39288e+10,4.17907e-11
cx_tuning_wire_corr,self_vs_flow,10,0.316923,0.317393,-0.0004696,0.00407077,17.647,-0.0515901,0.5,0.00455126,0.164785,-0.00753623,0.00659703,10,0.0317393,2.47578e-07,-0.00753623,0.00659703,0.399164,2.50524
cx_tuning_wire_corr,self_vs_shuffle,10,0.316923,0.318657,-0.0017334,0.00491683,17.1863,-0.157663,0.5,0.00549718,0.227182,-0.0102814,0.00681462,10,0.0318657,5.31286e-06,-0.0102814,0.00681462,0.41521,2.40842
cx_tuning_wire_corr,self_vs_randmat,10,0.316923,0.318665,-0.0017422,0.00525577,16.3728,-0.148244,0.5,0.00587613,0.221391,-0.0109054,0.00742096,10,0.0318665,1.41346e-05,-0.0109054,0.00742096,0.413095,2.42075
cx_tuning_wire_corr,self_vs_decorr,10,0.316923,0.244197,0.0727267,0.0111164,10.4816,2.92581,0.5,0.0124285,0.999876,0.0526722,0.0927812,10,0.0244197,0.999349,0.0526722,0.0927812,3298.29,0.000303188
ring_tuning_wire_corr,self_vs_flow,10,0.0249369,0.0285648,-0.00362789,0.00501115,12.7773,-0.323766,0.5,0.00560264,0.350013,-0.0125141,0.00525838,10,0.00285648,0.559968,-0.0125141,0.00525838,0.477904,2.09247
ring_tuning_wire_corr,self_vs_shuffle,10,0.0249369,0.0171863,0.00775064,0.00610524,17.8058,0.56774,0.5,0.00682587,0.559347,-0.0028425,0.0183438,10,0.00171863,0.831807,-0.0028425,0.0183438,0.693342,1.44229
ring_tuning_wire_corr,self_vs_randmat,10,0.0249369,0.0264507,-0.00151383,0.00862662,15.0043,-0.0784784,0.5,0.00964486,0.18042,-0.0166364,0.0136088,10,0.00264507,0.448706,-0.0166364,0.0136088,0.401655,2.4897
ring_tuning_wire_corr,self_vs_decorr,10,0.0249369,0.0360936,-0.0111567,0.0131663,11.382,-0.378956,0.5,0.0147204,0.395748,-0.0347295,0.012416,10,0.00360936,0.711182,-0.0347295,0.012416,0.511248,1.956
ring_ang_diffusion_deg,self_vs_flow,10,228.398,220.7,7.6975,30.7553,15.13,0.11193,0.5,34.3855,0.199542,-46.1877,61.5827,10,22.07,0.323466,-46.1877,61.5827,0.406227,2.46168
ring_ang_diffusion_deg,self_vs_shuffle,10,228.398,201.464,26.9341,33.9485,17.4461,0.354811,0.5,37.9555,0.374653,-32.0361,85.9043,10,20.1464,0.578081,-32.0361,85.9043,0.495767,2.01708
ring_ang_diffusion_deg,self_vs_randmat,10,228.398,156.393,72.0049,26.9159,10.202,1.19638,0.5,30.0929,0.925055,23.3187,120.691,10,15.6393,0.968925,23.3187,120.691,3.79402,0.263573
ring_ang_diffusion_deg,self_vs_decorr,10,228.398,252.117,-23.719,34.3989,17.6166,-0.308366,0.5,38.4591,0.336738,-83.4393,36.0013,10,25.2117,0.482938,-83.4393,36.0013,0.469846,2.12836
ring_ang_ac1,self_vs_flow,10,0.859616,0.869295,-0.0096793,0.0245309,17.5588,-0.176459,0.5,0.0274264,0.239463,-0.0522755,0.0329169,10,0.0869295,0.00283934,-0.0522755,0.0329169,0.419854,2.38178
ring_ang_ac1,self_vs_shuffle,10,0.859616,0.816661,0.0429549,0.0378762,14.2378,0.507179,0.5,0.0423469,0.506293,-0.0236782,0.109588,10,0.0816661,0.161906,-0.0236782,0.109588,0.621222,1.60973
ring_ang_ac1,self_vs_randmat,10,0.859616,0.76127,0.0983461,0.0285895,17.6189,1.53839,0.5,0.031964,0.983779,0.0487119,0.14798,10,0.076127,0.776318,0.0487119,0.14798,12.9853,0.0770103
ring_ang_ac1,self_vs_decorr,10,0.859616,0.869998,-0.0103817,0.0288422,17.54,-0.160974,0.5,0.0322465,0.229233,-0.0604671,0.0397037,10,0.0869998,0.00815578,-0.0604671,0.0397037,0.415987,2.40392
steer_corr_yaw,self_vs_flow,10,0.811943,0.812487,-0.0005443,0.00820732,17.9509,-0.0296587,0.5,0.00917606,0.153441,-0.0147784,0.0136898,10,0.0812487,5.93255e-09,-0.0147784,0.0136898,0.3979,2.5132
steer_corr_yaw,self_vs_shuffle,10,0.811943,0.805941,0.0060022,0.00681175,14.0803,0.394064,0.5,0.00761577,0.408081,-0.00599057,0.017995,10,0.0805941,1.41683e-08,-0.00599057,0.017995,0.521687,1.91686
steer_corr_yaw,self_vs_randmat,10,0.811943,0.815632,-0.0036896,0.0069034,14.5456,-0.239018,0.5,0.00771823,0.284224,-0.0158165,0.00843728,10,0.0815632,6.92407e-09,-0.0158165,0.00843728,0.439569,2.27496
steer_corr_yaw,self_vs_decorr,10,0.811943,0.605673,0.20627,0.0160053,11.8175,5.76351,0.5,0.0178945,1,0.177707,0.234833,10,0.0605673,0.999999,0.177707,0.234833,3.1096e+07,3.21584e-08
steer_asym_sd_hz,self_vs_flow,10,640.592,642.89,-2.2983,8.30049,17.7915,-0.123828,0.5,9.28023,0.205714,-16.701,12.1044,10,64.289,3.46005e-07,-16.701,12.1044,0.408256,2.44945
steer_asym_sd_hz,self_vs_shuffle,10,640.592,634.509,6.0831,7.77983,16.8474,0.349679,0.5,8.69812,0.370462,-7.4578,19.624,10,63.4509,5.74117e-07,-7.4578,19.624,0.492659,2.0298
steer_asym_sd_hz,self_vs_randmat,10,640.592,642.767,-2.1757,7.92072,17.1899,-0.122843,0.5,8.85563,0.205308,-15.9459,11.5945,10,64.2767,2.22605e-07,-15.9459,11.5945,0.40808,2.4505
steer_asym_sd_hz,self_vs_decorr,10,640.592,509.105,131.487,10.1296,16.8942,5.80504,0.5,11.3252,1,113.859,149.115,10,50.9105,1,113.859,149.115,3.46614e+07,2.88506e-08
dn_rate_hz,self_vs_flow,10,2472.93,2478.4,-5.469,8.15436,17.5808,-0.299939,0.5,9.11685,0.330043,-19.6275,8.68947,10,247.84,1.11022e-16,-19.6275,8.68947,0.465651,2.14753
dn_rate_hz,self_vs_shuffle,10,2472.93,2470,2.931,8.84993,17.9929,0.148112,0.5,9.89452,0.220807,-12.4157,18.2777,10,247,1.78622e-16,-12.4157,18.2777,0.413067,2.42092
dn_rate_hz,self_vs_randmat,10,2472.93,2475.73,-2.804,7.74114,16.6832,-0.16199,0.5,8.65486,0.23015,-16.2853,10.6773,10,247.573,1.11022e-16,-16.2853,10.6773,0.416229,2.40252
dn_rate_hz,self_vs_decorr,10,2472.93,2462.37,10.564,12.2505,14.532,0.385648,0.5,13.6964,0.400883,-10.9572,32.0852,10,246.237,4.81013e-12,-10.9572,32.0852,0.515798,1.93874
