metric,arm,n,mean,sd,sem,ci95_lo,ci95_hi,min,q1,median,q3,max,n_excluded_nonfinite
pool_rate_hz,rest,10,21.5495,0.0371917,0.011761,21.5229,21.5761,21.4711,21.5314,21.5481,21.5782,21.5988,0
pool_rate_hz,flow,10,50.6251,0.0544489,0.0172183,50.5862,50.6641,50.5384,50.584,50.6163,50.6822,50.6993,0
pool_rate_hz,self,10,50.6779,0.068815,0.0217612,50.6287,50.7272,50.5898,50.6003,50.6769,50.7441,50.785,0
pool_rate_hz,shuffle,10,50.6493,0.0600124,0.0189776,50.6063,50.6922,50.5234,50.6246,50.6514,50.6781,50.7567,0
pool_rate_hz,randmat,10,50.6898,0.0388069,0.0122718,50.6621,50.7176,50.6026,50.6684,50.6971,50.714,50.741,0
pool_rate_hz,decorr,10,50.5686,0.0615207,0.0194545,50.5246,50.6126,50.4778,50.5071,50.5753,50.6038,50.68,0
pool_rate_hz,conf25,10,50.6463,0.0464199,0.0146793,50.6131,50.6795,50.5485,50.6052,50.6604,50.6806,50.6921,0
pool_rate_hz,conf50,10,50.5508,0.0608032,0.0192277,50.5073,50.5943,50.4315,50.5026,50.559,50.6038,50.6233,0
pool_rate_hz,conf75,10,50.5609,0.0997092,0.0315308,50.4896,50.6322,50.4254,50.4738,50.5522,50.6381,50.7267,0
injected_events,rest,10,0,0,0,0,0,0,0,0,0,0,0
injected_events,flow,10,702501,1551.45,490.611,701391,703611,700099,701324,702509,703606,705399,0
injected_events,self,10,702809,1234.19,390.284,701926,703691,700128,702147,702908,703716,704593,0
injected_events,shuffle,10,702607,756.664,239.278,702066,703149,701417,702205,702666,702961,704045,0
injected_events,randmat,10,702536,752.786,238.052,701998,703075,701713,701798,702329,703273,703807,0
injected_events,decorr,10,702837,758.354,239.813,702295,703380,701838,702135,702906,703353,704136,0
injected_events,conf25,10,702573,1000.28,316.316,701858,703289,700773,701896,702626,703254,704274,0
injected_events,conf50,10,702564,689.218,217.95,702071,703057,701131,702172,702652,702969,703682,0
injected_events,conf75,10,702359,1249.39,395.091,701465,703253,700319,701486,702228,703466,703958,0
cx_rate_hz,rest,10,0.252298,0.002455,0.000776339,0.250542,0.254055,0.248955,0.250964,0.251607,0.253536,0.256831,0
cx_rate_hz,flow,10,4.06395,0.064334,0.0203442,4.01793,4.10997,3.97814,4.01161,4.04516,4.11303,4.18145,0
cx_rate_hz,self,10,4.13276,0.0702775,0.0222237,4.08248,4.18303,4.03938,4.07357,4.12657,4.17245,4.27869,0
cx_rate_hz,shuffle,10,4.12162,0.0943226,0.0298274,4.05414,4.18909,4.01527,4.03914,4.0831,4.22545,4.27226,0
cx_rate_hz,randmat,10,4.12308,0.0597568,0.0188968,4.08033,4.16583,4.03745,4.06719,4.13035,4.1665,4.2279,0
cx_rate_hz,decorr,10,4.17123,0.0854783,0.0270306,4.11008,4.23238,4.06991,4.10993,4.15325,4.21818,4.35069,0
cx_rate_hz,conf25,10,4.0258,0.0519146,0.0164168,3.98866,4.06293,3.96786,3.9783,4.02283,4.05858,4.13034,0
cx_rate_hz,conf50,10,3.99514,0.0615982,0.0194791,3.95108,4.03921,3.91225,3.9374,3.98256,4.04974,4.09466,0
cx_rate_hz,conf75,10,4.02782,0.0938512,0.0296784,3.96068,4.09496,3.87223,3.94925,4.04589,4.09446,4.1829,0
cx_active_fraction,rest,10,0.0135005,0.000393674,0.000124491,0.0132189,0.0137821,0.0130183,0.0130183,0.0135005,0.0139826,0.0139826,0
cx_active_fraction,flow,10,0.219817,0.00387354,0.00122492,0.217046,0.222588,0.215526,0.216008,0.219624,0.223722,0.225651,0
cx_active_fraction,self,10,0.221842,0.0027412,0.000866844,0.219881,0.223803,0.218419,0.220226,0.221552,0.222517,0.228544,0
cx_active_fraction,shuffle,10,0.221842,0.00498713,0.00157707,0.218274,0.225409,0.215526,0.216731,0.221793,0.225772,0.22999,0
cx_active_fraction,randmat,10,0.222421,0.0037833,0.00119639,0.219714,0.225127,0.213597,0.220468,0.223722,0.22529,0.225651,0
cx_active_fraction,decorr,10,0.213018,0.00487913,0.00154292,0.209528,0.216509,0.206365,0.208172,0.214561,0.215526,0.222276,0
cx_active_fraction,conf25,10,0.216297,0.00425335,0.00134503,0.213254,0.21934,0.207329,0.213838,0.21649,0.220467,0.220829,0
cx_active_fraction,conf50,10,0.211234,0.00432728,0.00136841,0.208139,0.21433,0.204918,0.20757,0.21191,0.215284,0.217454,0
cx_active_fraction,conf75,10,0.211668,0.00537393,0.00169938,0.207824,0.215512,0.2054,0.207329,0.209981,0.215525,0.220829,0
ring_rate_hz,rest,10,0,0,0,0,0,0,0,0,0,0,0
ring_rate_hz,flow,10,20.4564,0.611484,0.193368,20.019,20.8938,19.6765,19.9094,20.2745,21.0637,21.3137,0
ring_rate_hz,self,10,20.9417,0.618758,0.195669,20.499,21.3843,20.1422,20.4473,20.9314,21.2549,22.3039,0
ring_rate_hz,shuffle,10,21.0608,0.722931,0.228611,20.5436,21.5779,20.2304,20.3665,20.8505,21.7904,22.1225,0
ring_rate_hz,randmat,10,20.9049,0.610748,0.193136,20.468,21.3418,20.0343,20.4007,20.826,21.5821,21.8529,0
ring_rate_hz,decorr,10,21.824,0.827442,0.26166,21.2321,22.4159,20.6716,21.0061,21.8333,22.69,22.7745,0
ring_rate_hz,conf25,10,20.7681,0.451915,0.142908,20.4448,21.0914,20.1029,20.424,20.7721,21.1017,21.5735,0
ring_rate_hz,conf50,10,20.8554,0.473425,0.14971,20.5167,21.1941,20.1569,20.5269,20.7868,21.288,21.6078,0
ring_rate_hz,conf75,10,20.8583,0.734406,0.23224,20.333,21.3837,19.7843,20.3529,20.8627,21.3113,22.2696,0
columnar_rate_hz,rest,10,0,0,0,0,0,0,0,0,0,0,0
columnar_rate_hz,flow,10,0.681499,0.0200826,0.00635067,0.667133,0.695866,0.654762,0.666667,0.676319,0.694578,0.719112,0
columnar_rate_hz,self,10,0.707754,0.0244647,0.00773641,0.690253,0.725255,0.667632,0.693694,0.710103,0.727397,0.743565,0
columnar_rate_hz,shuffle,10,0.707915,0.0466248,0.014744,0.674562,0.741268,0.648005,0.666747,0.70222,0.750563,0.794402,0
columnar_rate_hz,randmat,10,0.7074,0.0253914,0.00802946,0.689236,0.725564,0.671815,0.689028,0.70222,0.728684,0.750322,0
columnar_rate_hz,decorr,10,0.699742,0.0317373,0.0100362,0.677039,0.722446,0.663771,0.672538,0.693211,0.726512,0.756113,0
columnar_rate_hz,conf25,10,0.673102,0.0208956,0.00660776,0.658154,0.688049,0.64511,0.655406,0.66731,0.694981,0.704311,0
columnar_rate_hz,conf50,10,0.652542,0.0231,0.00730485,0.636017,0.669067,0.622909,0.635055,0.644466,0.6801,0.68758,0
columnar_rate_hz,conf75,10,0.660135,0.0393079,0.0124302,0.632016,0.688254,0.586551,0.623553,0.666345,0.693694,0.710746,0
fanbody_rate_hz,rest,10,0.000166389,0.000267912,8.47213e-05,-2.52636e-05,0.000358042,0,0,0,0.000554631,0.000554631,0
fanbody_rate_hz,flow,10,3.64165,0.0310952,0.00983317,3.61941,3.6639,3.58791,3.62105,3.6381,3.67179,3.68275,0
fanbody_rate_hz,self,10,3.67659,0.0203176,0.006425,3.66206,3.69113,3.6406,3.65738,3.6797,3.69121,3.70715,0
fanbody_rate_hz,shuffle,10,3.63977,0.0342065,0.010817,3.6153,3.66424,3.59512,3.61204,3.63866,3.66514,3.69884,0
fanbody_rate_hz,randmat,10,3.66922,0.0318553,0.0100735,3.64643,3.69201,3.60455,3.65058,3.66944,3.69371,3.7127,0
fanbody_rate_hz,decorr,10,3.62818,0.0733066,0.0231816,3.57574,3.68062,3.53633,3.57959,3.61148,3.65447,3.79922,0
fanbody_rate_hz,conf25,10,3.5355,0.043644,0.0138014,3.50427,3.56672,3.48031,3.49723,3.52828,3.57252,3.60399,0
fanbody_rate_hz,conf50,10,3.46611,0.0410952,0.0129954,3.43671,3.49551,3.40765,3.42236,3.46645,3.50152,3.52357,0
fanbody_rate_hz,conf75,10,3.51947,0.0603163,0.0190737,3.47632,3.56262,3.4487,3.46881,3.5122,3.56683,3.64282,0
other_rate_hz,rest,10,1.41779,0.0137422,0.00434565,1.40796,1.42763,1.39928,1.41034,1.41418,1.42502,1.44264,0
other_rate_hz,flow,10,11.2275,0.194009,0.0613511,11.0887,11.3662,10.9693,11.0802,11.1982,11.4106,11.561,0
other_rate_hz,self,10,11.3941,0.219508,0.0694145,11.2371,11.5512,11.1798,11.2134,11.3613,11.5411,11.8681,0
other_rate_hz,shuffle,10,11.3691,0.244062,0.0771791,11.1945,11.5437,11.0967,11.1446,11.2774,11.6069,11.7525,0
other_rate_hz,randmat,10,11.3595,0.154067,0.0487202,11.2493,11.4697,11.168,11.2148,11.3333,11.4871,11.6296,0
other_rate_hz,decorr,10,11.5491,0.216936,0.0686012,11.394,11.7043,11.2322,11.383,11.5312,11.7006,11.9657,0
other_rate_hz,conf25,10,11.152,0.144098,0.0455678,11.049,11.2551,10.9024,11.045,11.1649,11.2126,11.4399,0
other_rate_hz,conf50,10,11.1344,0.199904,0.0632152,10.9914,11.2774,10.8473,10.9564,11.1585,11.2877,11.4607,0
other_rate_hz,conf75,10,11.2093,0.234983,0.0743081,11.0412,11.3774,10.8401,10.9858,11.2814,11.3331,11.6305,0
ring_active_fraction,rest,10,0,0,0,0,0,0,0,0,0,0,0
ring_active_fraction,flow,10,0.863235,0.0240645,0.00760987,0.846021,0.88045,0.808824,0.852941,0.867647,0.882353,0.897059,0
ring_active_fraction,self,10,0.867647,0.0155015,0.004902,0.856558,0.878736,0.838235,0.852941,0.867647,0.882353,0.882353,0
ring_active_fraction,shuffle,10,0.879412,0.00930089,0.0029412,0.872758,0.886065,0.867647,0.867647,0.882353,0.882353,0.897059,0
ring_active_fraction,randmat,10,0.867647,0.0183416,0.00580012,0.854526,0.880768,0.823529,0.86397,0.867647,0.882353,0.882353,0
ring_active_fraction,decorr,10,0.833823,0.0155785,0.00492636,0.822679,0.844967,0.794118,0.834558,0.838235,0.838235,0.852941,0
ring_active_fraction,conf25,10,0.854412,0.0176063,0.0055676,0.841817,0.867006,0.823529,0.838235,0.852941,0.867647,0.882353,0
ring_active_fraction,conf50,10,0.854412,0.0201519,0.0063726,0.839996,0.868827,0.823529,0.838235,0.852941,0.871324,0.882353,0
ring_active_fraction,conf75,10,0.852941,0.016981,0.00536987,0.840794,0.865088,0.823529,0.838235,0.852941,0.867647,0.882353,0
columnar_active_fraction,rest,10,0,0,0,0,0,0,0,0,0,0,0
columnar_active_fraction,flow,10,0.104537,0.00349649,0.00110569,0.102035,0.107038,0.0994209,0.102317,0.103765,0.108108,0.109073,0
columnar_active_fraction,self,10,0.107433,0.00308776,0.000976435,0.105224,0.109641,0.102317,0.10473,0.107625,0.110039,0.111969,0
columnar_active_fraction,shuffle,10,0.107143,0.00793363,0.00250883,0.101468,0.112818,0.0955598,0.098697,0.108108,0.113176,0.118726,0
columnar_active_fraction,randmat,10,0.108591,0.00444081,0.00140431,0.105414,0.111767,0.103282,0.10473,0.108108,0.112452,0.116795,0
columnar_active_fraction,decorr,10,0.0935328,0.00609551,0.00192757,0.0891724,0.0978933,0.0859073,0.0875965,0.0931467,0.0989382,0.102317,0
columnar_active_fraction,conf25,10,0.102896,0.00600564,0.00189915,0.0985996,0.107192,0.0907336,0.0996621,0.1028,0.107384,0.111969,0
columnar_active_fraction,conf50,10,0.0956564,0.00753828,0.00238381,0.0902639,0.101049,0.0839768,0.0892857,0.0955598,0.102317,0.106178,0
columnar_active_fraction,conf75,10,0.0950772,0.00843016,0.00266585,0.0890466,0.101108,0.0849421,0.0875965,0.0916988,0.103523,0.109073,0
fanbody_active_fraction,rest,10,0,0,0,0,0,0,0,0,0,0,0
fanbody_active_fraction,flow,10,0.183194,0.00511062,0.00161612,0.179539,0.18685,0.176373,0.1797,0.181364,0.186356,0.194676,0
fanbody_active_fraction,self,10,0.186689,0.00382655,0.00121006,0.183952,0.189426,0.178037,0.184692,0.18802,0.189684,0.191348,0
fanbody_active_fraction,shuffle,10,0.184359,0.00420941,0.00133113,0.181348,0.187371,0.176373,0.181364,0.184692,0.18802,0.191348,0
fanbody_active_fraction,randmat,10,0.184526,0.0049265,0.00155789,0.181002,0.18805,0.174709,0.18178,0.185524,0.18802,0.191348,0
fanbody_active_fraction,decorr,10,0.182862,0.00589308,0.00186356,0.178646,0.187077,0.174709,0.179284,0.182196,0.185108,0.196339,0
fanbody_active_fraction,conf25,10,0.180699,0.00451932,0.00142913,0.177466,0.183932,0.176373,0.176373,0.1797,0.184692,0.189684,0
fanbody_active_fraction,conf50,10,0.174543,0.00298182,0.000942933,0.17241,0.176676,0.168053,0.172629,0.175541,0.176373,0.178037,0
fanbody_active_fraction,conf75,10,0.178536,0.00587221,0.00185696,0.174335,0.182736,0.169717,0.172629,0.1797,0.182196,0.18802,0
other_active_fraction,rest,10,0.0758808,0.00221275,0.000699732,0.0742979,0.0774637,0.0731707,0.0731707,0.0758808,0.0785908,0.0785908,0
other_active_fraction,flow,10,0.484553,0.0120384,0.00380688,0.475941,0.493165,0.468835,0.4729,0.485095,0.49458,0.504065,0
other_active_fraction,self,10,0.481301,0.0104724,0.00331167,0.473809,0.488793,0.471545,0.474255,0.476965,0.487805,0.506775,0
other_active_fraction,shuffle,10,0.48374,0.00629099,0.00198939,0.47924,0.48824,0.476965,0.478997,0.482385,0.485772,0.498645,0
other_active_fraction,randmat,10,0.484824,0.0109486,0.00346225,0.476992,0.492656,0.468835,0.474255,0.485095,0.492547,0.504065,0
other_active_fraction,decorr,10,0.483198,0.00639392,0.00202193,0.478624,0.487772,0.474255,0.476287,0.485095,0.488482,0.490515,0
other_active_fraction,conf25,10,0.475068,0.00478852,0.00151426,0.471643,0.478493,0.468835,0.470867,0.47561,0.479675,0.482385,0
other_active_fraction,conf50,10,0.476965,0.00599204,0.00189485,0.472679,0.481251,0.466125,0.4729,0.476965,0.482385,0.485095,0
other_active_fraction,conf75,10,0.474797,0.00825945,0.00261187,0.468889,0.480705,0.466125,0.470867,0.471545,0.476965,0.495935,0
pair_corr,rest,10,0,0,0,0,0,0,0,0,0,0,0
pair_corr,flow,10,0.00310317,0.00131756,0.000416648,0.00216064,0.00404569,0.00163052,0.00198626,0.00301434,0.00379381,0.00585242,0
pair_corr,self,10,0.003088,0.00116745,0.000369182,0.00225285,0.00392314,0.00179317,0.00205685,0.00277991,0.00408094,0.00512783,0
pair_corr,shuffle,10,0.00297302,0.00118238,0.000373901,0.0021272,0.00381884,0.00139892,0.00205807,0.00301142,0.00354247,0.005477,0
pair_corr,randmat,10,0.00341299,0.00107241,0.000339126,0.00264583,0.00418014,0.00151387,0.00245734,0.00376961,0.00432581,0.00457168,0
pair_corr,decorr,10,0.00255995,0.00120547,0.000381203,0.00169761,0.0034223,0.00100281,0.00156893,0.00229666,0.00390378,0.00442152,0
pair_corr,conf25,10,0.00265095,0.000841498,0.000266105,0.00204898,0.00325293,0.0013848,0.00208294,0.00252505,0.0031952,0.00434349,0
pair_corr,conf50,10,0.00283891,0.00129873,0.000410694,0.00190985,0.00376796,0.000775055,0.00148569,0.00294547,0.00386826,0.00462596,0
pair_corr,conf75,10,0.00240455,0.00131108,0.000414601,0.00146665,0.00334244,0.000757032,0.00159138,0.00206504,0.00310258,0.00477304,0
tau_ms,rest,10,31.8467,1.67042,0.528232,30.6517,33.0416,29.3786,30.652,31.7066,33.0177,34.6291,0
tau_ms,flow,10,252.35,12.9647,4.09979,243.076,261.625,229.636,243.71,254.345,260.885,273.458,0
tau_ms,self,10,246.932,15.1821,4.801,236.071,257.793,227.097,237.925,242.317,259.083,278.872,0
tau_ms,shuffle,10,241.602,22.7777,7.20295,225.308,257.896,214.236,220.891,240.647,259.214,281.494,0
tau_ms,randmat,10,238.172,22.2851,7.04717,222.23,254.113,203.513,221.514,236.197,255.539,277.013,0
tau_ms,decorr,10,163.308,13.2569,4.19221,153.825,172.792,141.82,154.503,161.815,176.892,180.434,0
tau_ms,conf25,10,231.628,12.4442,3.9352,222.726,240.531,214.279,217.318,234.333,239.32,252.26,0
tau_ms,conf50,10,197.669,20.2832,6.41412,183.159,212.179,166.983,183.95,191.925,216.034,230.74,0
tau_ms,conf75,10,171.416,20.0607,6.34376,157.065,185.766,143.196,154.713,173.846,183.63,209.782,0
dim,rest,10,25.2512,0.766357,0.242343,24.703,25.7994,24.1785,24.7507,25.0495,25.681,26.7931,0
dim,flow,10,51.3502,3.45882,1.09378,48.8759,53.8245,46.7595,49.0608,50.9407,52.798,57.8903,0
dim,self,10,50.4211,2.58869,0.818615,48.5693,52.2729,45.2489,49.2987,50.5939,51.7339,54.8818,0
dim,shuffle,10,51.8109,4.39974,1.39132,48.6635,54.9583,42.6157,49.9438,51.8094,53.8609,60.29,0
dim,randmat,10,49.4298,3.24748,1.02694,47.1067,51.7529,44.771,46.9268,48.8374,53.0899,53.5851,0
dim,decorr,10,59.0123,5.98842,1.89371,54.7285,63.2962,50.4113,53.8132,58.0143,66.1542,67.0963,0
dim,conf25,10,52.8474,2.85646,0.903291,50.8041,54.8908,46.3799,51.5259,53.4736,54.9693,56.5651,0
dim,conf50,10,55.4453,3.6459,1.15294,52.8371,58.0534,48.0544,53.7137,55.6265,57.534,61.6076,0
dim,conf75,10,56.6456,5.27741,1.66887,52.8704,60.4209,49.6194,52.1824,56.1014,60.9708,64.9834,0
pop_rate_sd_hz,rest,10,0.0483088,0.00175798,0.000555923,0.0470512,0.0495664,0.0452343,0.0470525,0.0484992,0.0494863,0.0509614,0
pop_rate_sd_hz,flow,10,1.02921,0.0434325,0.0137345,0.998138,1.06028,0.952117,0.999383,1.0416,1.06193,1.09015,0
pop_rate_sd_hz,self,10,1.02575,0.033914,0.0107245,1.00149,1.05001,0.982643,0.986521,1.03221,1.05455,1.07027,0
pop_rate_sd_hz,shuffle,10,1.02409,0.046295,0.0146398,0.990975,1.05721,0.94309,1.0056,1.01388,1.04277,1.10497,0
pop_rate_sd_hz,randmat,10,1.03947,0.0271444,0.00858382,1.02006,1.05889,1.00433,1.01791,1.03226,1.06235,1.08624,0
pop_rate_sd_hz,decorr,10,0.898512,0.0479025,0.0151481,0.864244,0.932779,0.827957,0.848222,0.918619,0.933959,0.961404,0
pop_rate_sd_hz,conf25,10,0.972953,0.0241887,0.00764912,0.955649,0.990256,0.944187,0.948819,0.972265,0.990785,1.01374,0
pop_rate_sd_hz,conf50,10,0.93298,0.033743,0.0106705,0.908841,0.957118,0.89298,0.904892,0.923321,0.970384,0.988958,0
pop_rate_sd_hz,conf75,10,0.900663,0.0511021,0.0161599,0.864107,0.937219,0.816473,0.860725,0.908261,0.931735,0.993142,0
bumpR,rest,10,0,0,0,0,0,0,0,0,0,0,0
bumpR,flow,10,0.320213,0.0207765,0.0065701,0.305351,0.335076,0.280477,0.30116,0.325454,0.337155,0.343195,0
bumpR,self,10,0.311335,0.017022,0.00538284,0.299158,0.323512,0.279148,0.297263,0.31572,0.326168,0.330734,0
bumpR,shuffle,10,0.319001,0.0340131,0.0107559,0.29467,0.343333,0.268916,0.294518,0.320236,0.33928,0.383598,0
bumpR,randmat,10,0.321399,0.0268747,0.00849853,0.302174,0.340624,0.289297,0.293577,0.316974,0.344272,0.368743,0
bumpR,decorr,10,0.268715,0.0324399,0.0102584,0.245509,0.291922,0.228718,0.237839,0.27168,0.285992,0.334628,0
bumpR,conf25,10,0.299129,0.0303657,0.00960247,0.277407,0.320852,0.266291,0.276822,0.284846,0.330662,0.352901,0
bumpR,conf50,10,0.295622,0.0128144,0.00405227,0.286455,0.304788,0.274967,0.285558,0.296143,0.308479,0.311689,0
bumpR,conf75,10,0.286718,0.0231221,0.00731186,0.270178,0.303259,0.255204,0.26658,0.282566,0.30741,0.32342,0
anat_gain_integral,rest,10,0,0,0,0,0,0,0,0,0,0,0
anat_gain_integral,flow,10,3.34566,2.02153,0.639264,1.89954,4.79177,0.140904,0.944261,4.07038,5.07714,5.59557,0
anat_gain_integral,self,10,4.08532,3.23784,1.0239,1.76911,6.40154,0.0841678,1.02074,3.65966,7.47383,8.80649,0
anat_gain_integral,shuffle,10,4.0225,3.15565,0.997904,1.76509,6.27992,0.633473,1.64665,3.43221,5.36457,11.4922,0
anat_gain_integral,randmat,10,3.50657,2.78173,0.879661,1.51664,5.49651,0.0537966,1.49991,2.5927,6.57925,8.19124,0
anat_gain_integral,decorr,10,5.87177,4.65976,1.47355,2.53838,9.20517,1.20666,2.617,4.41758,9.08517,15.5459,0
anat_gain_integral,conf25,10,5.15493,3.13575,0.99161,2.91175,7.39811,1.81362,2.28085,4.44859,9.03582,9.23551,0
anat_gain_integral,conf50,10,3.66199,2.2761,0.719765,2.03377,5.29021,0.483514,1.84591,2.84274,6.15203,6.9692,0
anat_gain_integral,conf75,10,6.05941,4.01413,1.26938,3.18787,8.93094,0.172022,3.39904,5.0581,9.75982,13.2539,0
anat_resid_deg,rest,0,,,,,,,,,,,10
anat_resid_deg,flow,10,214.619,58.8786,18.619,172.5,256.738,167.798,178.201,196.444,226.2,362.645,0
anat_resid_deg,self,10,274.357,151.291,47.8424,166.13,382.585,168.316,175.729,232.195,318.016,672.942,0
anat_resid_deg,shuffle,10,257.669,103.734,32.8034,183.463,331.876,135.074,177.811,228.831,328.274,438.139,0
anat_resid_deg,randmat,10,200.732,91.1575,28.8265,135.522,265.942,87.974,148.614,172.79,275.064,361.975,0
anat_resid_deg,decorr,10,330.109,125.288,39.6195,240.484,419.735,170.6,225.712,336.238,408.341,572.405,0
anat_resid_deg,conf25,10,275.017,105.64,33.4062,199.447,350.587,144.449,194.754,240.199,377.279,436.421,0
anat_resid_deg,conf50,10,246.23,82.0164,25.9359,187.558,304.901,111.96,183.769,245.19,295.017,413.039,0
anat_resid_deg,conf75,10,307.053,108.154,34.2012,229.684,384.421,150.447,203.006,320.592,405.011,441.759,0
anat_gain_yaw,rest,10,0,0,0,0,0,0,0,0,0,0,0
anat_gain_yaw,flow,10,4.51709,3.09206,0.977796,2.30517,6.72902,0.438029,2.05394,4.26571,7.42964,9.54866,0
anat_gain_yaw,self,10,8.75844,4.86301,1.53782,5.27966,12.2372,3.68099,4.62553,7.90381,11.7644,18.5176,0
anat_gain_yaw,shuffle,10,9.78317,7.00903,2.21645,4.7692,14.7971,3.35735,4.28021,7.76685,12.0916,25.5484,0
anat_gain_yaw,randmat,10,6.91407,5.48188,1.73352,2.99257,10.8356,1.68746,2.20359,4.79257,13.6535,15.5595,0
anat_gain_yaw,decorr,10,12.2767,9.02488,2.85392,5.82068,18.7327,0.168684,3.53151,14.1724,19.6557,26.5427,0
anat_gain_yaw,conf25,10,9.4813,7.08645,2.24093,4.41196,14.5506,2.92139,3.81074,6.63811,15.711,22.5235,0
anat_gain_yaw,conf50,10,7.40809,5.3366,1.68758,3.59052,11.2257,0.127108,4.09342,6.98531,9.79419,19.046,0
anat_gain_yaw,conf75,10,9.01321,6.5564,2.07332,4.32304,13.7034,1.54822,2.57695,8.01548,13.9198,21.8446,0
turned_deg,rest,10,0,0,0,0,0,0,0,0,0,0,0
turned_deg,flow,10,-60.8996,0.196445,0.0621212,-61.0402,-60.7591,-61.183,-61.0944,-60.8614,-60.754,-60.5844,0
turned_deg,self,10,-60.8996,0.196445,0.0621212,-61.0402,-60.7591,-61.183,-61.0944,-60.8614,-60.754,-60.5844,0
turned_deg,shuffle,10,-60.8996,0.196445,0.0621212,-61.0402,-60.7591,-61.183,-61.0944,-60.8614,-60.754,-60.5844,0
turned_deg,randmat,10,-60.8996,0.196445,0.0621212,-61.0402,-60.7591,-61.183,-61.0944,-60.8614,-60.754,-60.5844,0
turned_deg,decorr,10,-60.8996,0.196445,0.0621212,-61.0402,-60.7591,-61.183,-61.0944,-60.8614,-60.754,-60.5844,0
turned_deg,conf25,10,-60.8996,0.196445,0.0621212,-61.0402,-60.7591,-61.183,-61.0944,-60.8614,-60.754,-60.5844,0
turned_deg,conf50,10,-60.8996,0.196445,0.0621212,-61.0402,-60.7591,-61.183,-61.0944,-60.8614,-60.754,-60.5844,0
turned_deg,conf75,10,-60.8996,0.196445,0.0621212,-61.0402,-60.7591,-61.183,-61.0944,-60.8614,-60.754,-60.5844,0
ring_pc12_var,rest,10,0,0,0,0,0,0,0,0,0,0,0
ring_pc12_var,flow,10,0.412784,0.0455309,0.0143981,0.380213,0.445355,0.346192,0.365314,0.41494,0.456589,0.476524,0
ring_pc12_var,self,10,0.417449,0.0314894,0.00995782,0.394923,0.439975,0.363558,0.391703,0.422458,0.435949,0.475582,0
ring_pc12_var,shuffle,10,0.428377,0.0391485,0.0123799,0.400371,0.456382,0.38332,0.402387,0.415083,0.47116,0.492775,0
ring_pc12_var,randmat,10,0.422782,0.0267032,0.0084443,0.403679,0.441884,0.390751,0.405666,0.418802,0.436944,0.469909,0
ring_pc12_var,decorr,10,0.410123,0.0388857,0.0122967,0.382305,0.43794,0.357675,0.373869,0.404195,0.451434,0.4607,0
ring_pc12_var,conf25,10,0.41101,0.0193049,0.00610474,0.3972,0.42482,0.380974,0.394811,0.414,0.426668,0.441339,0
ring_pc12_var,conf50,10,0.419477,0.0285251,0.00902042,0.399071,0.439883,0.367814,0.405786,0.413158,0.453526,0.458505,0
ring_pc12_var,conf75,10,0.408357,0.041901,0.0132503,0.378383,0.438332,0.346216,0.378429,0.410068,0.433519,0.481016,0
ring_loop,rest,10,1,0,0,1,1,1,1,1,1,1,0
ring_loop,flow,10,0.119333,0.0570424,0.0180384,0.0785278,0.160139,0.0333333,0.0633333,0.126667,0.161667,0.206667,0
ring_loop,self,10,0.114667,0.0275413,0.00870932,0.0949649,0.134369,0.0733333,0.09,0.116667,0.141667,0.146667,0
ring_loop,shuffle,10,0.118667,0.0366228,0.0115811,0.0924683,0.144865,0.0533333,0.0916666,0.12,0.148334,0.173333,0
ring_loop,randmat,10,0.113334,0.0508691,0.0160862,0.0769439,0.149723,0.0466667,0.0533333,0.116667,0.166667,0.166667,0
ring_loop,decorr,10,0.101333,0.0299464,0.0094699,0.0799109,0.122756,0.0533333,0.0716666,0.103333,0.128334,0.14,0
ring_loop,conf25,10,0.110667,0.0322338,0.0101932,0.087608,0.133725,0.0533333,0.0883333,0.113333,0.13,0.166667,0
ring_loop,conf50,10,0.1,0.0436598,0.0138064,0.0687678,0.131232,0.02,0.07,0.113334,0.131667,0.153333,0
ring_loop,conf75,10,0.112,0.0450842,0.0142569,0.0797487,0.144251,0.0466667,0.0666667,0.12,0.141667,0.193333,0
ring_track_gain_yaw,rest,10,0,0,0,0,0,0,0,0,0,0,0
ring_track_gain_yaw,flow,10,3.00433,0.535013,0.169186,2.6216,3.38705,2.1956,2.51248,3.12296,3.51471,3.53929,0
ring_track_gain_yaw,self,10,2.31649,0.322685,0.102042,2.08565,2.54732,1.99476,2.00192,2.28709,2.67432,2.8415,0
ring_track_gain_yaw,shuffle,10,2.61095,0.291822,0.0922822,2.4022,2.81971,2.07098,2.39674,2.63522,2.90603,3.0022,0
ring_track_gain_yaw,randmat,10,3.02649,0.533726,0.168779,2.64468,3.40829,1.91036,2.78122,3.00534,3.45772,3.79241,0
ring_track_gain_yaw,decorr,10,1.95302,0.482558,0.152598,1.60782,2.29822,1.35557,1.52738,1.89452,2.33768,2.77277,0
ring_track_gain_yaw,conf25,10,2.72404,0.392116,0.123998,2.44353,3.00454,2.11618,2.36029,2.80998,3.03564,3.33806,0
ring_track_gain_yaw,conf50,10,2.27815,0.932768,0.294967,1.61089,2.94542,0.442719,1.81134,2.29304,2.74071,4.10318,0
ring_track_gain_yaw,conf75,10,2.30027,0.621477,0.196528,1.8557,2.74485,1.2587,1.622,2.43827,2.84914,2.96199,0
ring_lag_yaw_deg,rest,10,0,0,0,0,0,0,0,0,0,0,0
ring_lag_yaw_deg,flow,10,-55.2839,16.8494,5.32825,-67.3372,-43.2305,-86.2823,-64.9912,-55.4046,-40.7731,-31.9298,0
ring_lag_yaw_deg,self,10,-53.5917,18.7341,5.92426,-66.9933,-40.1901,-77.5623,-71.441,-52.6038,-39.7229,-22.6569,0
ring_lag_yaw_deg,shuffle,10,-59.0985,10.8393,3.4277,-66.8525,-51.3445,-87.5235,-59.4958,-57.5833,-54.1535,-45.527,0
ring_lag_yaw_deg,randmat,10,-64.5485,6.34707,2.00712,-69.0889,-60.008,-73.5262,-71.0832,-63.9963,-61.4875,-51.8157,0
ring_lag_yaw_deg,decorr,10,-70.4808,20.909,6.61201,-85.4382,-55.5234,-104.297,-88.3114,-69.2921,-54.7315,-35.2839,0
ring_lag_yaw_deg,conf25,10,-64.0274,17.3483,5.486,-76.4376,-51.6172,-87.2455,-79.2253,-66.7992,-46.0783,-42.0063,0
ring_lag_yaw_deg,conf50,10,-78.8566,12.8113,4.05128,-88.0212,-69.6919,-106.362,-85.5179,-78.4089,-70.1542,-59.8149,0
ring_lag_yaw_deg,conf75,10,-76.9668,9.57511,3.02792,-83.8165,-70.1172,-94.4939,-81.9141,-74.8817,-71.2988,-64.0109,0
ring_track_gain_head,rest,10,0,0,0,0,0,0,0,0,0,0,0
ring_track_gain_head,flow,10,0.604822,0.106631,0.0337197,0.528542,0.681101,0.443893,0.504009,0.630383,0.709126,0.717017,0
ring_track_gain_head,self,10,0.466927,0.0681542,0.0215523,0.418173,0.515682,0.391369,0.401461,0.46574,0.547281,0.568702,0
ring_track_gain_head,shuffle,10,0.525596,0.0565851,0.0178938,0.485118,0.566075,0.414804,0.491398,0.52438,0.583743,0.595992,0
ring_track_gain_head,randmat,10,0.608588,0.102172,0.0323097,0.535499,0.681678,0.392299,0.561741,0.602658,0.695624,0.752863,0
ring_track_gain_head,decorr,10,0.392936,0.0956626,0.0302512,0.324503,0.461369,0.271512,0.312457,0.383068,0.462357,0.566661,0
ring_track_gain_head,conf25,10,0.548922,0.0815618,0.0257921,0.490576,0.607268,0.414373,0.482871,0.558758,0.615897,0.677839,0
ring_track_gain_head,conf50,10,0.460005,0.191677,0.0606136,0.322888,0.597123,0.0881864,0.36183,0.462744,0.549708,0.842602,0
ring_track_gain_head,conf75,10,0.462948,0.123718,0.0391231,0.374445,0.55145,0.250725,0.331666,0.486093,0.579533,0.587166,0
ring_lag_head_deg,rest,10,0,0,0,0,0,0,0,0,0,0,0
ring_lag_head_deg,flow,10,-127.812,16.5247,5.22556,-139.633,-115.991,-158.518,-137.29,-127.814,-114.202,-105.459,0
ring_lag_head_deg,self,10,-126.12,18.7548,5.93079,-139.536,-112.704,-150.392,-144,-124.476,-113.219,-95.239,0
ring_lag_head_deg,shuffle,10,-131.627,10.9878,3.47463,-139.487,-123.767,-160.106,-132.546,-129.944,-127.131,-117.515,0
ring_lag_head_deg,randmat,10,-137.077,6.34907,2.00775,-141.619,-132.535,-146.108,-143.013,-137.176,-133.722,-123.999,0
ring_lag_head_deg,decorr,10,-143.009,21.0129,6.64488,-158.041,-127.978,-177.827,-159.971,-141.288,-128.012,-108.114,0
ring_lag_head_deg,conf25,10,-136.556,17.386,5.49794,-148.993,-124.118,-159.003,-151.423,-140.346,-118.637,-114.189,0
ring_lag_head_deg,conf50,10,-151.385,12.8733,4.07088,-160.594,-142.176,-179.746,-157.039,-150.405,-143.82,-131.803,0
ring_lag_head_deg,conf75,10,-149.495,9.58042,3.0296,-156.349,-142.642,-166.677,-155,-147.291,-144.579,-135.096,0
cx_yaw_modulation_hz,rest,10,0,0,0,0,0,0,0,0,0,0,0
cx_yaw_modulation_hz,flow,10,1.98219,0.117705,0.0372215,1.89799,2.06639,1.79952,1.89958,1.97836,2.07231,2.18862,0
cx_yaw_modulation_hz,self,10,1.96937,0.0567302,0.0179397,1.92879,2.00995,1.84396,1.93476,1.97784,2.00468,2.05141,0
cx_yaw_modulation_hz,shuffle,10,1.95383,0.125479,0.03968,1.86407,2.04359,1.69504,1.88963,1.95307,2.06778,2.10607,0
cx_yaw_modulation_hz,randmat,10,1.98972,0.110982,0.0350955,1.91032,2.06911,1.79429,1.89535,2.00827,2.05396,2.16133,0
cx_yaw_modulation_hz,decorr,10,1.25331,0.0999577,0.0316094,1.1818,1.32481,1.1265,1.15868,1.24354,1.31567,1.42161,0
cx_yaw_modulation_hz,conf25,10,1.79015,0.0903207,0.0285619,1.72553,1.85476,1.67303,1.69478,1.80176,1.86716,1.90592,0
cx_yaw_modulation_hz,conf50,10,1.61814,0.1255,0.0396867,1.52836,1.70791,1.36142,1.52327,1.66169,1.72802,1.75738,0
cx_yaw_modulation_hz,conf75,10,1.40008,0.169398,0.0535684,1.2789,1.52126,1.10269,1.29398,1.39298,1.51341,1.68627,0
cx_tuning_wire_corr,rest,10,0,0,0,0,0,0,0,0,0,0,0
cx_tuning_wire_corr,flow,10,0.317393,0.0084343,0.00266716,0.311359,0.323426,0.300458,0.31381,0.318921,0.323564,0.327579,0
cx_tuning_wire_corr,self,10,0.316923,0.00972492,0.00307529,0.309966,0.32388,0.299086,0.309646,0.317388,0.324249,0.331636,0
cx_tuning_wire_corr,shuffle,10,0.318657,0.0121317,0.00383638,0.309978,0.327335,0.305833,0.306336,0.315808,0.32794,0.339244,0
cx_tuning_wire_corr,randmat,10,0.318665,0.013478,0.00426212,0.309024,0.328307,0.295418,0.309045,0.318917,0.324093,0.344146,0
cx_tuning_wire_corr,decorr,10,0.244197,0.0337811,0.0106825,0.220031,0.268362,0.187089,0.220787,0.247843,0.268942,0.295085,0
cx_tuning_wire_corr,conf25,10,0.318054,0.0142575,0.0045086,0.307855,0.328253,0.294674,0.30867,0.319112,0.328871,0.33834,0
cx_tuning_wire_corr,conf50,10,0.30309,0.0158641,0.00501668,0.291742,0.314439,0.266624,0.297838,0.306327,0.316314,0.318197,0
cx_tuning_wire_corr,conf75,10,0.278188,0.0151055,0.00477678,0.267382,0.288994,0.251383,0.266651,0.27795,0.293761,0.299664,0
ring_tuning_wire_corr,rest,10,0,0,0,0,0,0,0,0,0,0,0
ring_tuning_wire_corr,flow,10,0.0285648,0.00672939,0.00212802,0.0237509,0.0333787,0.0208293,0.0220293,0.0280058,0.0340729,0.0408177,0
ring_tuning_wire_corr,self,10,0.0249369,0.0143468,0.00453687,0.0146738,0.0352,0.00625604,0.0138992,0.0229644,0.0329017,0.052692,0
ring_tuning_wire_corr,shuffle,10,0.0171863,0.0129193,0.00408544,0.00794436,0.0264282,-0.00582675,0.00494835,0.0185799,0.0286313,0.0333976,0
ring_tuning_wire_corr,randmat,10,0.0264507,0.0232025,0.00733727,0.00985267,0.0430488,-0.0347465,0.0237323,0.0299988,0.0389232,0.0518252,0
ring_tuning_wire_corr,decorr,10,0.0360936,0.0390855,0.0123599,0.00813354,0.0640537,-0.0620594,0.0237409,0.0465435,0.0562495,0.0851778,0
ring_tuning_wire_corr,conf25,10,0.0225467,0.0109643,0.00346722,0.0147033,0.0303901,0.00992139,0.0142478,0.01652,0.0337157,0.0383261,0
ring_tuning_wire_corr,conf50,10,0.026724,0.0170992,0.00540724,0.014492,0.0389561,-0.00666178,0.0120222,0.0326901,0.0405498,0.0442286,0
ring_tuning_wire_corr,conf75,10,0.0242747,0.0331356,0.0104784,0.000570958,0.0479785,-0.022115,0.00105424,0.0212636,0.0464313,0.0947606,0
ring_ang_diffusion_deg,rest,10,0,0,0,0,0,0,0,0,0,0,0
ring_ang_diffusion_deg,flow,10,220.7,51.6684,16.339,183.739,257.661,158.649,183.44,211.296,244.233,342.781,0
ring_ang_diffusion_deg,self,10,228.398,82.3969,26.0562,169.454,287.341,165.213,168.744,205.365,248.192,427.234,0
ring_ang_diffusion_deg,shuffle,10,201.464,68.8166,21.7617,152.235,250.692,113.265,138.611,181.098,272.493,294.516,0
ring_ang_diffusion_deg,randmat,10,156.393,21.3404,6.74843,141.127,171.659,113.908,149.277,160.663,170.873,182.68,0
ring_ang_diffusion_deg,decorr,10,252.117,71.0182,22.4579,201.313,302.92,144.832,198.463,245.35,295.44,376.461,0
ring_ang_diffusion_deg,conf25,10,253.73,75.5208,23.8818,199.705,307.754,158.519,174.849,270.99,308.472,383.931,0
ring_ang_diffusion_deg,conf50,10,227.36,70.1927,22.1969,177.147,277.573,129.455,177.693,217.41,269.358,359.368,0
ring_ang_diffusion_deg,conf75,10,241.368,66.2157,20.9393,194.001,288.736,159.627,186.917,225.078,291.581,370.47,0
ring_ang_ac1,rest,10,0,0,0,0,0,0,0,0,0,0,0
ring_ang_ac1,flow,10,0.869295,0.0503181,0.015912,0.8333,0.905291,0.76715,0.843713,0.869625,0.899657,0.950862,0
ring_ang_ac1,self,10,0.859616,0.0590404,0.0186702,0.817381,0.901851,0.77609,0.807065,0.868127,0.892385,0.965719,0
ring_ang_ac1,shuffle,10,0.816661,0.104213,0.032955,0.742112,0.89121,0.628377,0.734841,0.829501,0.914402,0.928639,0
ring_ang_ac1,randmat,10,0.76127,0.0684677,0.0216514,0.712291,0.810249,0.603755,0.731158,0.776003,0.802198,0.850823,0
ring_ang_ac1,decorr,10,0.869998,0.0695195,0.021984,0.820266,0.919729,0.702286,0.845258,0.888788,0.913937,0.94262,0
ring_ang_ac1,conf25,10,0.881752,0.068879,0.0217815,0.832479,0.931025,0.761117,0.820345,0.911778,0.932582,0.956118,0
ring_ang_ac1,conf50,10,0.84488,0.100798,0.0318751,0.772773,0.916986,0.602244,0.803224,0.867557,0.914604,0.94389,0
ring_ang_ac1,conf75,10,0.866465,0.0734703,0.0232333,0.813908,0.919023,0.720539,0.824683,0.88071,0.92855,0.949287,0
steer_corr_yaw,rest,10,0,0,0,0,0,0,0,0,0,0,0
steer_corr_yaw,flow,10,0.812487,0.017866,0.00564972,0.799707,0.825268,0.782688,0.800008,0.81182,0.826013,0.840674,0
steer_corr_yaw,self,10,0.811943,0.0188257,0.00595322,0.798476,0.82541,0.77859,0.796846,0.810847,0.832287,0.834224,0
steer_corr_yaw,shuffle,10,0.805941,0.0104686,0.00331046,0.798452,0.813429,0.784069,0.798659,0.807362,0.814061,0.817549,0
steer_corr_yaw,randmat,10,0.815632,0.0110527,0.00349516,0.807726,0.823539,0.792113,0.809708,0.815873,0.825845,0.829421,0
steer_corr_yaw,decorr,10,0.605673,0.0469819,0.014857,0.572064,0.639281,0.546916,0.556448,0.611071,0.653864,0.66437,0
steer_corr_yaw,conf25,10,0.780237,0.0126393,0.00399689,0.771195,0.789278,0.764132,0.769099,0.777721,0.790596,0.802469,0
steer_corr_yaw,conf50,10,0.755822,0.0238081,0.00752878,0.738791,0.772853,0.716417,0.743493,0.751788,0.765913,0.806275,0
steer_corr_yaw,conf75,10,0.678935,0.0323985,0.0102453,0.655758,0.702111,0.627787,0.657316,0.672071,0.698547,0.744025,0
steer_asym_sd_hz,rest,10,195.607,7.55641,2.38955,190.202,201.013,178.664,192.077,197.479,200.299,205.704,0
steer_asym_sd_hz,flow,10,642.89,17.527,5.54253,630.352,655.428,612.757,630.331,646.189,657.977,664.548,0
steer_asym_sd_hz,self,10,640.592,19.5393,6.17887,626.614,654.569,606.157,629.406,641.236,648.324,682.631,0
steer_asym_sd_hz,shuffle,10,634.509,14.949,4.7273,623.815,645.202,612.971,619.395,635.266,645.249,660.443,0
steer_asym_sd_hz,randmat,10,642.767,15.6714,4.95573,631.557,653.978,620.553,633.451,640.612,653.042,668.792,0
steer_asym_sd_hz,decorr,10,509.105,25.383,8.02682,490.947,527.263,472.952,488.133,508.112,525.949,551.488,0
steer_asym_sd_hz,conf25,10,608.538,10.5801,3.34572,600.97,616.107,598.33,602.127,605.363,612.029,630.07,0
steer_asym_sd_hz,conf50,10,566.55,23.5557,7.44897,549.7,583.401,526.635,546.931,566.38,585.354,606.257,0
steer_asym_sd_hz,conf75,10,532.724,28.0201,8.86075,512.68,552.769,486.186,513.743,529.658,552.797,581.917,0
dn_rate_hz,rest,10,1060.43,6.50922,2.0584,1055.78,1065.09,1051,1056,1059.66,1066,1070.33,0
dn_rate_hz,flow,10,2478.4,16.7669,5.30217,2466.41,2490.39,2444.33,2466.42,2482.33,2492.09,2497.67,0
dn_rate_hz,self,10,2472.93,19.591,6.19521,2458.92,2486.95,2436,2455.08,2478.66,2485.08,2500.33,0
dn_rate_hz,shuffle,10,2470,19.9851,6.31986,2455.7,2484.3,2441,2444.75,2473.84,2486.08,2493.67,0
dn_rate_hz,randmat,10,2475.73,14.6781,4.64162,2465.23,2486.24,2462.67,2464.67,2469.34,2490.42,2505,0
dn_rate_hz,decorr,10,2462.37,33.4205,10.5685,2438.46,2486.27,2419.67,2431.41,2464.16,2477.92,2530,0
dn_rate_hz,conf25,10,2465.57,13.526,4.27729,2455.89,2475.24,2442.67,2453.75,2469.5,2472.66,2485.33,0
dn_rate_hz,conf50,10,2445.4,17.2852,5.46605,2433.04,2457.77,2420,2432.58,2445.67,2456,2479.67,0
dn_rate_hz,conf75,10,2454.8,22.4312,7.09338,2438.75,2470.85,2427.33,2433.92,2453.17,2476.17,2487,0
