arm,trial,pool_rate_hz,injected_events,cx_rate_hz,cx_active_fraction,ring_rate_hz,columnar_rate_hz,fanbody_rate_hz,other_rate_hz,ring_active_fraction,columnar_active_fraction,fanbody_active_fraction,other_active_fraction,pair_corr,tau_ms,dim,pop_rate_sd_hz,bumpR,anat_gain_integral,anat_resid_deg,anat_gain_yaw,turned_deg,ring_pc12_var,ring_loop,ring_track_gain_yaw,ring_lag_yaw_deg,ring_track_gain_head,ring_lag_head_deg,cx_yaw_modulation_hz,cx_tuning_wire_corr,ring_tuning_wire_corr,ring_ang_diffusion_deg,ring_ang_ac1,steer_corr_yaw,steer_asym_sd_hz,dn_rate_hz
rest,0,9.42877,0,0.0118933,0.00192864,0,0,0,0.0668473,0,0,0,0.0108401,0,30.8015,3.62023,0.0130381,0,0,NaN,0,0,0,1,0,0,0,0,0,0,0,0,0,0,70.8752,323.667
rest,1,9.45171,0,0.0101254,0.00192864,0,0,0,0.0569106,0,0,0,0.0108401,0,34.018,3.90737,0.0109393,0,0,NaN,0,0,0,1,0,0,0,0,0,0,0,0,0,0,70.2758,323.333
rest,2,9.45989,0,0.0106075,0.00144648,0,0,0,0.0596206,0,0,0,0.00813008,0,34.3994,3.9894,0.0109136,0,0,NaN,0,0,0,1,0,0,0,0,0,0,0,0,0,0,66.8615,323.333
rest,3,9.45885,0,0.0088396,0.00144648,0,0,0,0.0496838,0,0,0,0.00813008,0,30.4512,2.99359,0.010125,0,0,NaN,0,0,0,1,0,0,0,0,0,0,0,0,0,0,71.1774,322
rest,4,9.47222,0,0.00900032,0.00144648,0,0,0,0.0505872,0,0,0,0.00813008,0,33.5265,2.99014,0.00979733,0,0,NaN,0,0,0,1,0,0,0,0,0,0,0,0,0,0,66.224,323
rest,5,9.45989,0,0.0096432,0.00144648,0,0,0,0.0542005,0,0,0,0.00813008,0,34.4849,2.94467,0.0113077,0,0,NaN,0,0,0,1,0,0,0,0,0,0,0,0,0,0,65.6126,324
flow,0,40.5996,702507,1.01366,0.0424301,0,0.111004,1.63561,2.72177,0,0.00289575,0.063228,0.127371,0,382.909,39.5714,0.244285,0,0,NaN,0,-60.5844,0,1,0,-20.658,0,-92.8933,0.809541,0.242553,0,0,0,0.836569,541.679,1214.33
flow,1,40.5452,702816,0.997428,0.0433944,0,0.120013,1.64226,2.5944,0,0.00289575,0.063228,0.132791,-2.97671E-05,384.241,40.0753,0.246871,0,0,NaN,0,-60.7076,0,1,0,-21.1151,0,-92.8722,0.799477,0.240773,0,0,0,0.833533,496.568,1194.33
flow,2,40.5576,701346,1.02073,0.0429122,0,0.103282,1.66278,2.73893,0,0.00289575,0.063228,0.130081,-0.000219402,403.443,40.4324,0.249392,0,0,NaN,0,-60.8062,0,1,0,-21.8617,0,-92.9467,0.819264,0.241069,0,0,0,0.835752,514.387,1200.33
flow,3,40.6104,702460,0.989553,0.0429122,0,0.106178,1.64781,2.57995,0,0.00289575,0.0648918,0.127371,0.000519858,377.979,39.3984,0.243848,0,0,NaN,0,-61.0009,0,1,0,-20.694,0,-92.8772,0.785963,0.245213,0,0,0,0.860209,536.567,1227
flow,4,40.5446,700945,1.01929,0.0433944,0,0.11036,1.68164,2.68022,0,0.00289575,0.0665557,0.127371,2.90196E-06,376.576,39.1506,0.258717,0,0,NaN,0,-60.8479,0,1,0,-19.1998,0,-92.9107,0.792482,0.229487,0,0,0,0.822418,485.371,1182.67
flow,5,40.4696,701609,1.0098,0.0429122,0,0.114543,1.64393,2.6766,0,0.00289575,0.063228,0.130081,-0.00027151,394.889,39.3275,0.246681,0,0,NaN,0,-60.8748,0,1,0,-19.5435,0,-92.9276,0.811473,0.239236,0,0,0,0.821334,518.81,1198
self,0,40.5092,701616,0.999196,0.0448409,0,0.110682,1.62451,2.65944,0,0.00289575,0.063228,0.140921,0,389.812,40.4731,0.256876,0,0,NaN,0,-60.5844,0,1,0,-20.658,0,-92.8933,0.7897,0.237101,0,0,0,0.825887,512.157,1211.67
self,1,40.6344,702593,1.00112,0.0433944,0,0.111969,1.62729,2.66215,0,0.00289575,0.063228,0.132791,-0.000401915,375.833,39.7141,0.252341,0,0,NaN,0,-60.7076,0,1,0,-21.1151,0,-92.8722,0.788106,0.247823,0,0,0,0.852555,523.054,1227.67
self,2,40.5108,700012,0.9955,0.0433944,0,0.1139,1.65114,2.58627,0,0.00289575,0.0615641,0.135501,-0.000265209,401.913,40.5944,0.252772,0,0,NaN,0,-60.8062,0,1,0,-21.8617,0,-92.9467,0.796166,0.242615,0,0,0,0.828779,529.03,1223.33
self,3,40.5275,702609,0.992768,0.0419479,0,0.116152,1.63838,2.58537,0,0.00289575,0.0615641,0.127371,0.000245306,373.326,41.1256,0.243926,0,0,NaN,0,-61.0009,0,1,0,-20.694,0,-92.8772,0.773368,0.233532,0,0,0,0.828687,508.698,1188
self,4,40.6376,703602,1,0.0433944,0,0.111326,1.59956,2.7028,0,0.00289575,0.063228,0.132791,0.000446711,384.406,39.1142,0.25962,0,0,NaN,0,-60.8479,0,1,0,-19.1998,0,-92.9107,0.806189,0.23603,0,0,0,0.830089,534.484,1223
self,5,40.5807,704990,1.00579,0.0438766,0,0.110039,1.63228,2.68564,0,0.00289575,0.063228,0.135501,-7.20495E-05,367.322,42.6225,0.243853,0,0,NaN,0,-60.8748,0,1,0,-19.5435,0,-92.9276,0.758093,0.232698,0,0,0,0.817098,499.304,1201.67
shuffle,0,40.5425,701798,1.00579,0.0438766,0,0.110039,1.62341,2.70009,0,0.00289575,0.0665557,0.130081,0,407.662,42.1429,0.254208,0,0,NaN,0,-60.5844,0,1,0,-20.658,0,-92.8933,0.787306,0.248759,0,0,0,0.823994,500.769,1204.67
shuffle,1,40.607,702763,1.00804,0.0448409,0,0.111004,1.64725,2.67118,0,0.00289575,0.063228,0.140921,0.000390154,369.957,39.9929,0.2498,0,0,NaN,0,-60.7076,0,1,0,-21.1151,0,-92.8722,0.804692,0.244751,0,0,0,0.825586,512.984,1203
shuffle,2,40.5357,701986,1.01398,0.0443587,0,0.120335,1.64226,2.68654,0,0.00289575,0.063228,0.138211,2.7493E-05,402.242,40.6467,0.254057,0,0,NaN,0,-60.8062,0,1,0,-21.8617,0,-92.9467,0.802835,0.230947,0,0,0,0.824905,528.294,1187.67
shuffle,3,40.5584,702041,1.00161,0.0433944,0,0.109717,1.63505,2.65854,0,0.00289575,0.063228,0.132791,0.000197742,395.142,39.8329,0.249641,0,0,NaN,0,-61.0009,0,1,0,-20.694,0,-92.8772,0.784377,0.237,0,0,0,0.822114,518.266,1216.33
shuffle,4,40.5196,700082,1.0135,0.0424301,0,0.100064,1.67665,2.68473,0,0.00289575,0.0615641,0.130081,0.000421604,389.351,39.2725,0.256792,0,0,NaN,0,-60.8479,0,1,0,-19.1998,0,-92.9107,0.782446,0.243376,0,0,0,0.816215,490.194,1192
shuffle,5,40.6594,703283,0.991321,0.0433944,0,0.105856,1.62951,2.6206,0,0.00289575,0.063228,0.132791,-0.000332178,391.285,39.5562,0.247057,0,0,NaN,0,-60.8748,0,1,0,-19.5435,0,-92.9276,0.790256,0.235787,0,0,0,0.836152,494.606,1187
randmat,0,40.6319,703428,1.01832,0.0458052,0,0.112934,1.63838,2.73803,0,0.00289575,0.0665557,0.140921,0,394.57,42.4376,0.248697,0,0,NaN,0,-60.5844,0,1,0,-20.658,0,-92.8933,0.813393,0.250277,0,0,0,0.851053,541.016,1212
randmat,1,40.688,704112,1.00514,0.0433944,0,0.120656,1.64004,2.63957,0,0.00289575,0.063228,0.132791,8.86825E-05,372.046,41.7084,0.252881,0,0,NaN,0,-60.7076,0,1,0,-21.1151,0,-92.8722,0.795007,0.245206,0,0,0,0.810317,514.381,1222.67
randmat,2,40.6611,703959,1.02025,0.045323,0,0.114221,1.68719,2.66576,0,0.00289575,0.0665557,0.138211,-0.000228488,399.51,41.6452,0.258021,0,0,NaN,0,-60.8062,0,1,0,-21.8617,0,-92.9467,0.789008,0.234484,0,0,0,0.835927,522.626,1207.67
randmat,3,40.5391,702030,1.00916,0.0438766,0,0.113578,1.63505,2.69015,0,0.00289575,0.063228,0.135501,0.000394285,395.518,39.8864,0.248634,0,0,NaN,0,-61.0009,0,1,0,-20.694,0,-92.8772,0.812811,0.226856,0,0,0,0.812433,492.668,1188.67
randmat,4,40.5447,702142,1.01254,0.0429122,0,0.118404,1.69828,2.59259,0,0.00289575,0.0615641,0.132791,-0.000192754,376.375,42.0782,0.250089,0,0,NaN,0,-60.8479,0,1,0,-19.1998,0,-92.9107,0.782035,0.239451,0,0,0,0.81676,496.603,1197.67
randmat,5,40.5969,702779,1.01286,0.0438766,0,0.111647,1.61841,2.74345,0,0.00289575,0.063228,0.135501,6.49952E-05,386.452,39.4766,0.256528,0,0,NaN,0,-60.8748,0,1,0,-19.5435,0,-92.9276,0.801378,0.239691,0,0,0,0.812912,518.424,1205.67
decorr,0,40.2979,702386,0.966892,0.0429122,0,0.103925,1.59068,2.55194,0,0.00289575,0.063228,0.130081,0,293.678,54.7866,0.169724,0,0,NaN,0,-60.5844,0,1,0,-20.658,0,-92.8933,0.362772,0.117465,0,0,0,0.337142,398.24,1188.67
decorr,1,40.5023,703469,0.974928,0.0433944,0,0.107786,1.60621,2.56098,0,0.00289575,0.0648918,0.130081,0.000187122,267.901,51.6132,0.190222,0,0,NaN,0,-60.7076,0,1,0,-21.1151,0,-92.8722,0.37021,0.105469,0,0,0,0.32324,399.567,1170.33
decorr,2,40.4227,701694,0.968981,0.0429122,0,0.0994209,1.59068,2.57633,0,0.00289575,0.0615641,0.132791,-0.000369649,314.286,49.2454,0.20372,0,0,NaN,0,-60.8062,0,1,0,-21.8617,0,-92.9467,0.428282,0.15288,0,0,0,0.467716,424.33,1149.33
decorr,3,40.2109,701133,0.940694,0.0419479,0,0.0974903,1.53966,2.50587,0,0.00289575,0.063228,0.124661,0.000349953,234.225,52.2954,0.181409,0,0,NaN,0,-61.0009,0,1,0,-20.694,0,-92.8772,0.359805,0.137664,0,0,0,0.434288,407.529,1164
decorr,4,40.463,702733,0.98441,0.0443587,0,0.111647,1.61009,2.59711,0,0.00289575,0.063228,0.138211,-0.00027151,275.647,52.6359,0.194678,0,0,NaN,0,-60.8479,0,1,0,-19.1998,0,-92.9107,0.371264,0.12413,0,0,0,0.473432,377.732,1210.67
decorr,5,40.2871,702083,0.957731,0.0433944,0,0.114543,1.57349,2.49865,0,0.00289575,0.063228,0.132791,-0.000273782,254.046,55.4837,0.201411,0,0,NaN,0,-60.8748,0,1,0,-19.5435,0,-92.9276,0.429669,0.164867,0,0,0,0.465281,399.361,1168
conf25,0,40.5114,702068,0.969142,0.0424301,0,0.108752,1.57737,2.57272,0,0.00289575,0.0615641,0.130081,0,378.674,43.7416,0.229626,0,0,NaN,0,-60.5844,0,1,0,-20.658,0,-92.8933,0.68536,0.227018,0,0,0,0.798676,471.594,1165.33
conf25,1,40.5454,703555,0.964802,0.0433944,0,0.106821,1.6112,2.49864,0,0.00289575,0.063228,0.132791,0.00049941,359.429,43.8314,0.22233,0,0,NaN,0,-60.7076,0,1,0,-21.1151,0,-92.8722,0.723674,0.236795,0,0,0,0.767254,468.863,1180.33
conf25,2,40.4095,701874,0.947445,0.0429122,0,0.101995,1.54077,2.52936,0,0.00289575,0.0615641,0.132791,0.000247161,387.776,41.7028,0.226659,0,0,NaN,0,-60.8062,0,1,0,-21.8617,0,-92.9467,0.714883,0.22446,0,0,0,0.800371,486.613,1166.67
conf25,3,40.5146,701840,0.943748,0.0433944,0,0.10843,1.53577,2.49865,0,0.00289575,0.063228,0.132791,0.000396508,371.276,45.0551,0.220573,0,0,NaN,0,-61.0009,0,1,0,-20.694,0,-92.8772,0.675728,0.238664,0,0,0,0.780137,483.858,1189.33
conf25,4,40.5353,701316,0.962231,0.0429122,0,0.101351,1.58236,2.54652,0,0.00289575,0.0615641,0.132791,0.000344773,356.018,43.3981,0.226232,0,0,NaN,0,-60.8479,0,1,0,-19.1998,0,-92.9107,0.704175,0.23086,0,0,0,0.78517,465.283,1192.33
conf25,5,40.5481,703299,0.975892,0.0429122,0,0.111326,1.58458,2.59169,0,0.00289575,0.0615641,0.132791,-0.000170162,357.544,42.7793,0.231021,0,0,NaN,0,-60.8748,0,1,0,-19.5435,0,-92.9276,0.701704,0.238463,0,0,0,0.77648,475.226,1182.33
conf50,0,40.339,701837,0.938605,0.0414658,0,0.105212,1.52357,2.49864,0,0.00289575,0.0615641,0.124661,0,339.407,47.2298,0.199785,0,0,NaN,0,-60.5844,0,1,0,-20.658,0,-92.8933,0.582618,0.209725,0,0,0,0.692195,450.576,1174.33
conf50,1,40.4597,704508,0.928801,0.0424301,0,0.104247,1.53466,2.42818,0,0.00289575,0.0615641,0.130081,0.000211911,317.257,50.7924,0.200218,0,0,NaN,0,-60.7076,0,1,0,-21.1151,0,-92.8722,0.542039,0.22588,0,0,0,0.690422,435.756,1148.67
conf50,2,40.3845,702018,0.909032,0.0429122,0,0.0952381,1.4853,2.42276,0,0.00289575,0.0615641,0.132791,0.000118622,336.931,44.4244,0.204703,0,0,NaN,0,-60.8062,0,1,0,-21.8617,0,-92.9467,0.627725,0.233648,0,0,0,0.716903,431.789,1146.33
conf50,3,40.4627,702606,0.93973,0.0429122,0,0.0971686,1.53577,2.50768,0,0.00289575,0.0599002,0.135501,0.000539209,337.448,47.6612,0.196767,0,0,NaN,0,-61.0009,0,1,0,-20.694,0,-92.8772,0.589929,0.218837,0,0,0,0.720906,466.11,1177.67
conf50,4,40.423,701595,0.939891,0.0433944,0,0.105212,1.57016,2.42999,0,0.00289575,0.0615641,0.135501,-8.72347E-05,298.77,47.2391,0.19444,0,0,NaN,0,-60.8479,0,1,0,-19.1998,0,-92.9107,0.589287,0.215801,0,0,0,0.766718,429.98,1171.33
conf50,5,40.4431,701707,0.945998,0.0419479,0,0.111326,1.54298,2.49142,0,0.00289575,0.0615641,0.127371,-0.000444161,367.035,47.2043,0.210595,0,0,NaN,0,-60.8748,0,1,0,-19.5435,0,-92.9276,0.601658,0.226188,0,0,0,0.728359,441.304,1198
conf75,0,40.3024,701899,0.951463,0.0419479,0,0.114543,1.56295,2.48058,0,0.00289575,0.0599002,0.130081,0,313.526,53.4925,0.181012,0,0,NaN,0,-60.5844,0,1,0,-20.658,0,-92.8933,0.440163,0.15896,0,0,0,0.576009,387.987,1168.33
conf75,1,40.4514,703095,0.927355,0.0433944,0,0.100708,1.52579,2.44444,0,0.00289575,0.063228,0.132791,-7.42575E-05,288.509,53.1765,0.189017,0,0,NaN,0,-60.7076,0,1,0,-21.1151,0,-92.8722,0.461179,0.160173,0,0,0,0.543195,399.4,1185.33
conf75,2,40.4746,702580,0.942141,0.0438766,0,0.0936293,1.54631,2.514,0,0.00289575,0.0648918,0.132791,-0.000339228,348.451,49.913,0.200722,0,0,NaN,0,-60.8062,0,1,0,-21.8617,0,-92.9467,0.512146,0.195868,0,0,0,0.618908,441.528,1166.33
conf75,3,40.4274,703032,0.944873,0.0429122,0,0.105212,1.5391,2.50858,0,0.00289575,0.0599002,0.135501,0.000344995,284.609,52.4743,0.183031,0,0,NaN,0,-61.0009,0,1,0,-20.694,0,-92.8772,0.456369,0.189888,0,0,0,0.590059,400.209,1171.67
conf75,4,40.4363,702263,0.954355,0.0424301,0,0.103282,1.57903,2.50226,0,0.00289575,0.063228,0.127371,-4.59657E-05,284.974,51.4826,0.189833,0,0,NaN,0,-60.8479,0,1,0,-19.1998,0,-92.9107,0.461486,0.180808,0,0,0,0.59737,372.293,1184.33
conf75,5,40.5243,704095,0.943748,0.0433944,0,0.11583,1.51026,2.51942,0,0.00289575,0.063228,0.132791,3.69988E-05,346.517,50.6706,0.20344,0,0,NaN,0,-60.8748,0,1,0,-19.5435,0,-92.9276,0.52211,0.201696,0,0,0,0.640634,438.657,1199.33
