metric,spearman_rho_vs_fraction,p_perm_two_sided
pool_rate_hz,0.917,0.0002
cx_rate_hz,0.952,0.0002
cx_active_fraction,0.887,0.0002
ring_rate_hz,0.813,0.0002
columnar_rate_hz,0.938,0.0002
fanbody_rate_hz,0.969,0.0002
other_rate_hz,0.939,0.0002
columnar_active_fraction,0.817,0.0002
fanbody_active_fraction,0.932,0.0002
other_active_fraction,0.712,0.0002
pop_rate_sd_hz,0.698,0.0002
bumpR,-0.817,0.0002
patch_drive_fraction,0.980,0.0002
patch_level_ratio,0.980,0.0002
steer_corr_yaw,-0.845,0.0002
dn_rate_hz,0.958,0.0002
dim,0.503,0.0005
ring_loop,-0.444,0.0007
ring_pc12_var,-0.363,0.0085
cx_yaw_modulation_hz,-0.335,0.0207
cx_tuning_wire_corr,0.246,0.0932
anat_resid_deg,0.144,0.3177
ring_active_fraction,0.142,0.3204
injected_events,0.134,0.3609
steer_asym_sd_hz,0.119,0.4099
ring_tuning_wire_corr,0.093,0.5244
ring_ang_diffusion_deg,0.092,0.5354
anat_gain_yaw,0.080,0.5784
tau_ms,-0.076,0.5956
pair_corr,0.076,0.6181
ring_track_gain_head,-0.057,0.6998
ring_track_gain_yaw,-0.049,0.7403
ring_lag_yaw_deg,-0.019,0.9013
ring_lag_head_deg,-0.016,0.9173
ring_ang_ac1,-0.004,0.9803
anat_gain_integral,0.002,0.9935
turned_deg,0.000,1.0000
