arm,patch_cells,cx_input_synapses,ring_input_synapses,delivered_events_mean,delivered_ratio_vs_self,delivered_sd
rest,0,0,0,0,0.000000,0,0
flow,0,0,0,701947,0.999042,702344.17,749.85
self,723,30919,1354,702620,1.000000,702344.16,2057.21
shuffle,723,13053,412,702035,0.999167,702344.16,984.016
randmat,353,30958,1382,703051,1.000614,702344.17,839.95
decorr,723,30919,1354,702250,0.999473,702344.17,815.164
conf25,723,30919,1354,702362,0.999632,702344.17,759.95
conf50,723,30919,1354,702410,0.999700,702344.17,1121.37
conf75,723,30919,1354,702829,1.000297,702344.17,648.748
