# circuit_neurons,12000
# circuit_synapses,1615753
# cx_readout_cells,2074
# kappa,600
# trials_per_arm,6
# seconds_per_trial,6
# odour_context,0.05
# drive,yaw_push_pull
# permutations,4000
metric,arm,mean,sd,sem,n,d_vs_self,p_vs_self
pool_rate_hz,rest,46.2684,0.0999924,0.0408217,6,243.2,0.003249
pool_rate_hz,flow,70.4794,0.0712622,0.0290927,6,-5.576,0.0002499
pool_rate_hz,self,70.0104,0.0952193,0.0388731,6,,
pool_rate_hz,shuffle,70.1892,0.110973,0.0453046,6,-1.729,0.01475
pool_rate_hz,randmat,70.2258,0.0681986,0.027842,6,-2.601,0.007248
pool_rate_hz,decorr,70.2947,0.20171,0.0823478,6,-1.802,0.006748
pool_rate_hz,conf25,70.0877,0.170443,0.069583,6,-0.56,0.3514
pool_rate_hz,conf50,70.2196,0.0800541,0.0326819,6,-2.378,0.005999
pool_rate_hz,conf75,70.247,0.108917,0.0444651,6,-2.313,0.005499
injected_events,rest,0,0,0,6,936.7,0.0002499
injected_events,flow,655187,807.132,329.51,6,-0.1557,0.7931
injected_events,self,655046,988.943,403.734,6,,
injected_events,shuffle,654728,841.942,343.721,6,0.3468,0.5526
injected_events,randmat,655588,408.389,166.724,6,-0.7166,0.2409
injected_events,decorr,654978,948.672,387.294,6,0.06985,0.9045
injected_events,conf25,655243,819.581,334.592,6,-0.2164,0.7093
injected_events,conf50,655003,651.207,265.854,6,0.0518,0.9305
injected_events,conf75,655580,529.623,216.218,6,-0.6725,0.2742
cx_rate_hz,rest,10.1005,0.0585097,0.0238865,6,46.86,0.003249
cx_rate_hz,flow,14.74,0.136121,0.0555711,6,-7.92,0.003249
cx_rate_hz,self,13.8091,0.0954016,0.0389475,6,,
cx_rate_hz,shuffle,14.618,0.12253,0.0500226,6,-7.366,0.003249
cx_rate_hz,randmat,13.8847,0.0285811,0.0116682,6,-1.074,0.1097
cx_rate_hz,decorr,14.7321,0.110051,0.0449282,6,-8.962,0.003249
cx_rate_hz,conf25,14.0936,0.108394,0.0442516,6,-2.786,0.003249
cx_rate_hz,conf50,14.3733,0.109538,0.0447189,6,-5.493,0.003249
cx_rate_hz,conf75,14.6178,0.0914649,0.0373404,6,-8.653,0.003249
cx_active_fraction,rest,0.267197,0.00360063,0.00146995,6,34.81,0.003249
cx_active_fraction,flow,0.382353,0.00465478,0.00190031,6,-2.971,0.0002499
cx_active_fraction,self,0.371504,0.00223568,0.000912714,6,,
cx_active_fraction,shuffle,0.37954,0.00545004,0.00222497,6,-1.929,0.013
cx_active_fraction,randmat,0.369736,0.00181478,0.000740882,6,0.8683,0.181
cx_active_fraction,decorr,0.37946,0.00394075,0.00160881,6,-2.483,0.005499
cx_active_fraction,conf25,0.370861,0.00566752,0.00231375,6,0.1492,0.8333
cx_active_fraction,conf50,0.374879,0.00268888,0.00109773,6,-1.365,0.05224
cx_active_fraction,conf75,0.376808,0.0031061,0.00126806,6,-1.96,0.007248
ring_rate_hz,rest,36.04,0.0777202,0.0317292,6,31.48,0.003249
ring_rate_hz,flow,44.2206,0.247267,0.100946,6,-4.229,0.003249
ring_rate_hz,self,43.0466,0.305008,0.124519,6,,
ring_rate_hz,shuffle,44.1969,0.344891,0.140801,6,-3.533,0.0002499
ring_rate_hz,randmat,43.9028,0.300476,0.122669,6,-2.828,0.0002499
ring_rate_hz,decorr,44.6642,0.176548,0.0720753,6,-6.491,0.0002499
ring_rate_hz,conf25,43.5131,0.277984,0.113487,6,-1.599,0.02
ring_rate_hz,conf50,43.8611,0.408265,0.166674,6,-2.26,0.004749
ring_rate_hz,conf75,44.348,0.379893,0.155091,6,-3.778,0.0002499
columnar_rate_hz,rest,3.79403,0.0550635,0.0224796,6,20.74,0.0002499
columnar_rate_hz,flow,5.8905,0.180203,0.0735674,6,-4.209,0.0002499
columnar_rate_hz,self,5.29585,0.0863285,0.0352434,6,,
columnar_rate_hz,shuffle,5.74952,0.11862,0.0484264,6,-4.373,0.003249
columnar_rate_hz,randmat,5.41592,0.0995346,0.0406348,6,-1.289,0.05249
columnar_rate_hz,decorr,5.81902,0.0922353,0.0376549,6,-5.857,0.003249
columnar_rate_hz,conf25,5.45737,0.101908,0.0416038,6,-1.71,0.0185
columnar_rate_hz,conf50,5.64275,0.111245,0.0454155,6,-3.484,0.003249
columnar_rate_hz,conf75,5.79338,0.0957987,0.0391096,6,-5.456,0.003249
fanbody_rate_hz,rest,8.20771,0.102371,0.0417929,6,44.31,0.003249
fanbody_rate_hz,flow,13.7665,0.142734,0.0582708,6,-10.01,0.003249
fanbody_rate_hz,self,12.5581,0.0938007,0.038294,6,,
fanbody_rate_hz,shuffle,13.5686,0.105792,0.0431895,6,-10.11,0.003249
fanbody_rate_hz,randmat,12.5634,0.0542541,0.0221491,6,-0.06997,0.907
fanbody_rate_hz,decorr,13.6645,0.156664,0.0639578,6,-8.57,0.0002499
fanbody_rate_hz,conf25,12.892,0.0801059,0.0327031,6,-3.829,0.003249
fanbody_rate_hz,conf50,13.2317,0.0899305,0.036714,6,-7.331,0.003249
fanbody_rate_hz,conf75,13.5049,0.102523,0.0418548,6,-9.636,0.003249
other_rate_hz,rest,26.1091,0.0699841,0.0285709,6,66.27,0.003249
other_rate_hz,flow,35.7383,0.11772,0.0480588,6,-9.747,0.0002499
other_rate_hz,self,34.3604,0.161582,0.0659654,6,,
other_rate_hz,shuffle,35.7752,0.243732,0.0995033,6,-6.842,0.0002499
other_rate_hz,randmat,34.2818,0.206789,0.0844213,6,0.4235,0.4791
other_rate_hz,decorr,35.9792,0.163069,0.0665728,6,-9.972,0.003249
other_rate_hz,conf25,34.8761,0.180402,0.0736488,6,-3.011,0.0002499
other_rate_hz,conf50,35.3103,0.142006,0.0579736,6,-6.245,0.0002499
other_rate_hz,conf75,35.7269,0.180889,0.0738476,6,-7.967,0.0002499
ring_active_fraction,rest,0.691176,0.0335346,0.0136904,6,1.483,0.05074
ring_active_fraction,flow,0.772059,0.046271,0.01889,6,-0.3536,0.4451
ring_active_fraction,self,0.754902,0.0506589,0.0206814,6,,
ring_active_fraction,shuffle,0.75,0.0426217,0.0174002,6,0.1047,0.9305
ring_active_fraction,randmat,0.759804,0.0506589,0.0206814,6,-0.09676,0.9228
ring_active_fraction,decorr,0.737745,0.0529548,0.0216187,6,0.3311,0.6401
ring_active_fraction,conf25,0.703431,0.0598561,0.0244362,6,0.9283,0.1582
ring_active_fraction,conf50,0.742647,0.0202707,0.00827547,6,0.3176,0.6306
ring_active_fraction,conf75,0.730392,0.0151882,0.00620054,6,0.6554,0.3102
columnar_active_fraction,rest,0.169562,0.0031525,0.001287,6,26.83,0.0002499
columnar_active_fraction,flow,0.255952,0.00429148,0.00175199,6,-2.888,0.0002499
columnar_active_fraction,self,0.245817,0.00249226,0.00101746,6,,
columnar_active_fraction,shuffle,0.25,0.00646069,0.00263757,6,-0.8542,0.1617
columnar_active_fraction,randmat,0.243726,0.00394455,0.00161036,6,0.6339,0.2852
columnar_active_fraction,decorr,0.255952,0.00307772,0.00125647,6,-3.619,0.0002499
columnar_active_fraction,conf25,0.247426,0.00687071,0.00280495,6,-0.3113,0.5824
columnar_active_fraction,conf50,0.249356,0.00425878,0.00173864,6,-1.014,0.1152
columnar_active_fraction,conf75,0.253539,0.00447221,0.00182577,6,-2.133,0.005249
fanbody_active_fraction,rest,0.191348,0.0023531,0.000960649,6,62.29,0.003249
fanbody_active_fraction,flow,0.372989,0.0035557,0.00145161,6,-5.668,0.003249
fanbody_active_fraction,self,0.354687,0.00286589,0.00117,6,,
fanbody_active_fraction,shuffle,0.374931,0.0037453,0.00152901,6,-6.071,0.003249
fanbody_active_fraction,randmat,0.351636,0.00271713,0.00110926,6,1.092,0.05499
fanbody_active_fraction,decorr,0.367443,0.00339641,0.00138658,6,-4.06,0.0002499
fanbody_active_fraction,conf25,0.357182,0.00543425,0.00221852,6,-0.5745,0.2844
fanbody_active_fraction,conf50,0.362451,0.00244918,0.000999876,6,-2.913,0.002499
fanbody_active_fraction,conf75,0.364115,0.00399565,0.00163122,6,-2.712,0.002499
other_active_fraction,rest,0.586721,0.00886473,0.00361901,6,13.09,0.003249
other_active_fraction,flow,0.680668,0.00829404,0.00338603,6,0.0658,0.8408
other_active_fraction,self,0.68112,0.0050458,0.00205994,6,,
other_active_fraction,shuffle,0.682475,0.00525959,0.00214722,6,-0.2629,0.8193
other_active_fraction,randmat,0.68112,0.00221272,0.00090334,6,0,1
other_active_fraction,decorr,0.679765,0.00627806,0.00256301,6,0.2379,0.5921
other_active_fraction,conf25,0.67841,0.00885091,0.00361337,6,0.3762,0.4926
other_active_fraction,conf50,0.679765,0.00579127,0.00236428,6,0.2495,0.5759
other_active_fraction,conf75,0.67841,0.00559782,0.0022853,6,0.5086,0.3502
pair_corr,rest,0.00294188,0.0015536,0.000634256,6,1.401,0.03999
pair_corr,flow,0.00719491,0.00288026,0.00117586,6,-0.5001,0.4064
pair_corr,self,0.00584873,0.00248935,0.00101627,6,,
pair_corr,shuffle,0.00579262,0.00170085,0.000694368,6,0.02632,0.9675
pair_corr,randmat,0.0053683,0.00217593,0.000888318,6,0.2055,0.7101
pair_corr,decorr,0.00656437,0.00119186,0.000486575,6,-0.3667,0.5666
pair_corr,conf25,0.00541988,0.00218567,0.000892294,6,0.1831,0.7476
pair_corr,conf50,0.0054854,0.00218215,0.000890858,6,0.1552,0.7901
pair_corr,conf75,0.00653232,0.00274445,0.00112042,6,-0.2609,0.6583
tau_ms,rest,38.7216,4.64082,1.89461,6,7.698,0.003249
tau_ms,flow,184.374,15.2022,6.20627,6,-4.213,0.003249
tau_ms,self,121.732,14.5275,5.93081,6,,
tau_ms,shuffle,166.373,23.1081,9.43384,6,-2.313,0.005999
tau_ms,randmat,101.778,18.4939,7.5501,6,1.2,0.07673
tau_ms,decorr,122.177,14.7178,6.00853,6,-0.03048,0.9518
tau_ms,conf25,125.052,28.4299,11.6065,6,-0.1471,0.8083
tau_ms,conf50,125.522,15.6002,6.36876,6,-0.2515,0.6578
tau_ms,conf75,125.235,25.5863,10.4456,6,-0.1684,0.7903
dim,rest,92.3901,2.57162,1.04986,6,-0.04163,0.9445
dim,flow,88.1008,4.814,1.96531,6,0.8163,0.1795
dim,self,92.2176,5.26217,2.14827,6,,
dim,shuffle,92.4541,3.18403,1.29987,6,-0.05438,0.9288
dim,randmat,97.4332,3.779,1.54277,6,-1.139,0.08873
dim,decorr,96.103,3.92491,1.60234,6,-0.837,0.1757
dim,conf25,93.2522,3.87859,1.58343,6,-0.2238,0.6938
dim,conf50,96.9307,2.05476,0.838853,6,-1.18,0.07498
dim,conf75,95.6846,5.08221,2.0748,6,-0.6702,0.2717
pop_rate_sd_hz,rest,1.04537,0.0425967,0.01739,6,10.11,0.003249
pop_rate_sd_hz,flow,1.69694,0.0869847,0.0355114,6,-2.806,0.0002499
pop_rate_sd_hz,self,1.5005,0.0472863,0.0193045,6,,
pop_rate_sd_hz,shuffle,1.60881,0.0521767,0.0213011,6,-2.175,0.002749
pop_rate_sd_hz,randmat,1.47891,0.0580948,0.0237171,6,0.4078,0.4811
pop_rate_sd_hz,decorr,1.58775,0.0595689,0.0243189,6,-1.622,0.02524
pop_rate_sd_hz,conf25,1.49557,0.0648051,0.0264566,6,0.08706,0.9028
pop_rate_sd_hz,conf50,1.51288,0.032407,0.0132301,6,-0.3053,0.6013
pop_rate_sd_hz,conf75,1.56994,0.0733744,0.029955,6,-1.125,0.07998
bumpR,rest,0.328851,0.0170012,0.0069407,6,-5.417,0.0002499
bumpR,flow,0.253048,0.0115117,0.00469961,6,-0.4603,0.4294
bumpR,self,0.247458,0.0127482,0.00520442,6,,
bumpR,shuffle,0.241515,0.0103965,0.00424435,6,0.5109,0.4001
bumpR,randmat,0.251637,0.00896028,0.00365802,6,-0.3793,0.5096
bumpR,decorr,0.241134,0.0170732,0.0069701,6,0.4197,0.4714
bumpR,conf25,0.253757,0.010039,0.00409839,6,-0.549,0.3879
bumpR,conf50,0.249709,0.0113544,0.0046354,6,-0.1865,0.7493
bumpR,conf75,0.234041,0.00938299,0.00383059,6,1.199,0.06773
patch_drive_fraction,rest,0,0,0,6,4318,0.003249
patch_drive_fraction,flow,0.245523,7.92928E-06,3.23712E-06,6,-4137,0.003249
patch_drive_fraction,self,0.12424,4.06906E-05,1.66119E-05,6,,
patch_drive_fraction,shuffle,0.124557,4.08583E-05,1.66803E-05,6,-7.786,0.003249
patch_drive_fraction,randmat,0.0695793,2.28411E-05,9.32485E-06,6,1657,0.003249
patch_drive_fraction,decorr,0.228256,0.00269696,0.00110103,6,-54.54,0.003249
patch_drive_fraction,conf25,0.146599,0.00115582,0.000471864,6,-27.34,0.003249
patch_drive_fraction,conf50,0.174776,0.00148689,0.000607021,6,-48.05,0.003249
patch_drive_fraction,conf75,0.201977,0.00200394,0.000818104,6,-54.85,0.003249
patch_level_ratio,rest,0,0,0,6,3782,0.003249
patch_level_ratio,flow,0.97675,4.18241E-05,1.70746E-05,6,-4733,0.003249
patch_level_ratio,self,0.425806,0.000159233,6.50066E-05,6,,
patch_level_ratio,shuffle,0.427049,0.000160003,6.53209E-05,6,-7.787,0.0002499
patch_level_ratio,randmat,0.461459,0.000162806,6.64652E-05,6,-221.4,0.0002499
patch_level_ratio,decorr,0.88778,0.0136434,0.0055699,6,-47.88,0.0002499
patch_level_ratio,conf25,0.515608,0.00476222,0.00194417,6,-26.65,0.0002499
patch_level_ratio,conf50,0.635703,0.006561,0.00267852,6,-45.23,0.0002499
patch_level_ratio,conf75,0.759688,0.0094705,0.00386631,6,-49.85,0.003249
anat_gain_integral,rest,0,0,0,6,2.409,0.0002499
anat_gain_integral,flow,0.0207035,0.0113576,0.00463672,6,0.8928,0.1532
anat_gain_integral,self,0.0357769,0.0210036,0.00857468,6,,
anat_gain_integral,shuffle,1.10097,1.65979,0.677605,6,-0.9075,0.1595
anat_gain_integral,randmat,0.0332852,0.0297116,0.0121297,6,0.09684,0.857
anat_gain_integral,decorr,0.411581,0.858646,0.350541,6,-0.6188,0.3214
anat_gain_integral,conf25,0.0420401,0.0237459,0.00969422,6,-0.2794,0.6483
anat_gain_integral,conf50,0.0248637,0.014942,0.00610003,6,0.5988,0.3207
anat_gain_integral,conf75,0.0482341,0.0366714,0.014971,6,-0.4169,0.4926
anat_resid_deg,rest,NaN,NaN,NaN,6,NaN,0.0002499
anat_resid_deg,flow,34.2222,5.41597,2.21106,6,0.2602,0.6668
anat_resid_deg,self,35.4126,3.53787,1.44433,6,,
anat_resid_deg,shuffle,105.601,116.553,47.5824,6,-0.8513,0.06273
anat_resid_deg,randmat,31.5447,1.6476,0.672629,6,1.402,0.03624
anat_resid_deg,decorr,72.8847,99.0884,40.4527,6,-0.5345,0.7171
anat_resid_deg,conf25,30.8494,6.44616,2.63163,6,0.8776,0.1585
anat_resid_deg,conf50,30.8485,4.50733,1.84011,6,1.126,0.07498
anat_resid_deg,conf75,36.4176,3.6812,1.50284,6,-0.2784,0.6341
anat_gain_yaw,rest,0,0,0,6,1.055,0.0002499
anat_gain_yaw,flow,0.0982476,0.0755942,0.0308612,6,-0.5742,0.3187
anat_gain_yaw,self,0.0552653,0.0741065,0.0302539,6,,
anat_gain_yaw,shuffle,3.01169,4.91873,2.00806,6,-0.8499,0.06498
anat_gain_yaw,randmat,0.0753809,0.0362707,0.0148074,6,-0.3448,0.5839
anat_gain_yaw,decorr,1.42908,3.42147,1.39681,6,-0.5677,0.6376
anat_gain_yaw,conf25,0.0729906,0.0528041,0.0215572,6,-0.2755,0.6313
anat_gain_yaw,conf50,0.0663894,0.0540283,0.0220569,6,-0.1715,0.7558
anat_gain_yaw,conf75,0.141576,0.0648024,0.0264555,6,-1.24,0.06173
turned_deg,rest,0,0,0,6,-598.4,0.0002499
turned_deg,flow,-60.8036,0.143696,0.0586635,6,0,1
turned_deg,self,-60.8036,0.143696,0.0586635,6,,
turned_deg,shuffle,-60.8036,0.143696,0.0586635,6,0,1
turned_deg,randmat,-60.8036,0.143696,0.0586635,6,0,1
turned_deg,decorr,-60.8036,0.143696,0.0586635,6,0,1
turned_deg,conf25,-60.8036,0.143696,0.0586635,6,0,1
turned_deg,conf50,-60.8036,0.143696,0.0586635,6,0,1
turned_deg,conf75,-60.8036,0.143696,0.0586635,6,0,1
ring_pc12_var,rest,0.298106,0.0310429,0.0126732,6,1.045,0.1135
ring_pc12_var,flow,0.329171,0.0225322,0.00919874,6,0.09229,0.861
ring_pc12_var,self,0.331801,0.0334156,0.0136419,6,,
ring_pc12_var,shuffle,0.320329,0.0247175,0.0100909,6,0.3903,0.5066
ring_pc12_var,randmat,0.337961,0.0294867,0.0120379,6,-0.1955,0.7336
ring_pc12_var,decorr,0.342232,0.0306113,0.012497,6,-0.3255,0.5921
ring_pc12_var,conf25,0.328441,0.0406769,0.0166063,6,0.09027,0.885
ring_pc12_var,conf50,0.3374,0.0263902,0.0107738,6,-0.186,0.7473
ring_pc12_var,conf75,0.32024,0.0455919,0.0186128,6,0.2892,0.6126
ring_loop,rest,0.03,0.0309121,0.0126198,6,0.5274,0.3717
ring_loop,flow,0.0322222,0.0212568,0.00867805,6,0.5922,0.2799
ring_loop,self,0.0422222,0.0108866,0.00444444,6,,
ring_loop,shuffle,0.0244444,0.0137706,0.00562183,6,1.432,0.01825
ring_loop,randmat,0.0377778,0.0300123,0.0122525,6,0.1969,0.7743
ring_loop,decorr,0.048882,0.045331,0.0185063,6,-0.202,0.8748
ring_loop,conf25,0.0266667,0.0157762,0.00644061,6,1.148,0.04849
ring_loop,conf50,0.0266667,0.0245855,0.010037,6,0.8182,0.1472
ring_loop,conf75,0.0133333,0.00942808,0.003849,6,2.837,0.0002499
ring_track_gain_yaw,rest,0,0,0,6,6.675,0.003249
ring_track_gain_yaw,flow,1.82518,0.242283,0.0989117,6,-0.2962,0.6091
ring_track_gain_yaw,self,1.73304,0.367181,0.149901,6,,
ring_track_gain_yaw,shuffle,1.48874,0.43305,0.176792,6,0.6085,0.3269
ring_track_gain_yaw,randmat,1.89609,0.396353,0.16181,6,-0.4268,0.4734
ring_track_gain_yaw,decorr,1.52168,0.29385,0.119964,6,0.6356,0.3069
ring_track_gain_yaw,conf25,1.46569,0.25313,0.10334,6,0.8478,0.1632
ring_track_gain_yaw,conf50,1.88767,0.319944,0.130617,6,-0.449,0.4561
ring_track_gain_yaw,conf75,1.63728,0.276447,0.112859,6,0.2947,0.6108
ring_lag_yaw_deg,rest,0,0,0,6,-18.71,0.003249
ring_lag_yaw_deg,flow,-94.2881,14.6762,5.99152,6,0.3816,0.5286
ring_lag_yaw_deg,self,-89.924,6.79572,2.77434,6,,
ring_lag_yaw_deg,shuffle,-95.6673,10.2819,4.19758,6,0.659,0.2849
ring_lag_yaw_deg,randmat,-86.663,11.0195,4.49868,6,-0.3562,0.5634
ring_lag_yaw_deg,decorr,-99.5136,22.5822,9.21913,6,0.5751,0.3679
ring_lag_yaw_deg,conf25,-93.0275,11.5526,4.71632,6,0.3275,0.5861
ring_lag_yaw_deg,conf50,-90.6693,20.1652,8.23243,6,0.04953,0.9235
ring_lag_yaw_deg,conf75,-88.4611,10.5081,4.2899,6,-0.1653,0.7851
ring_track_gain_head,rest,0,0,0,6,6.737,0.0002499
ring_track_gain_head,flow,0.366898,0.0465537,0.0190055,6,-0.2998,0.6071
ring_track_gain_head,self,0.348518,0.0731554,0.0298656,6,,
ring_track_gain_head,shuffle,0.298756,0.084735,0.0345929,6,0.6286,0.3049
ring_track_gain_head,randmat,0.380542,0.0745967,0.030454,6,-0.4335,0.4679
ring_track_gain_head,decorr,0.305444,0.0546517,0.0223114,6,0.6671,0.2799
ring_track_gain_head,conf25,0.294826,0.0508466,0.020758,6,0.8523,0.155
ring_track_gain_head,conf50,0.379128,0.0608935,0.0248597,6,-0.4548,0.4509
ring_track_gain_head,conf75,0.329604,0.0573652,0.0234193,6,0.2877,0.6088
ring_lag_head_deg,rest,0,0,0,6,-31.89,0.003249
ring_lag_head_deg,flow,-166.681,14.8188,6.04975,6,0.3746,0.5281
ring_lag_head_deg,self,-162.317,7.19809,2.93861,6,,
ring_lag_head_deg,shuffle,-168.06,10.5547,4.30895,6,0.6358,0.2962
ring_lag_head_deg,randmat,-159.056,11.9439,4.87607,6,-0.3307,0.5861
ring_lag_head_deg,decorr,-171.906,21.9748,8.97116,6,0.5865,0.3677
ring_lag_head_deg,conf25,-165.42,11.816,4.82387,6,0.3172,0.5921
ring_lag_head_deg,conf50,-163.062,20.8995,8.53219,6,0.04768,0.9345
ring_lag_head_deg,conf75,-160.854,10.5917,4.32406,6,-0.1616,0.7878
cx_yaw_modulation_hz,rest,0,0,0,6,17.37,0.003249
cx_yaw_modulation_hz,flow,2.5359,0.114059,0.0465642,6,-5.269,0.003249
cx_yaw_modulation_hz,self,1.83543,0.149446,0.0610109,6,,
cx_yaw_modulation_hz,shuffle,2.41111,0.20008,0.0816821,6,-3.26,0.003249
cx_yaw_modulation_hz,randmat,1.48508,0.166193,0.0678482,6,2.217,0.007748
cx_yaw_modulation_hz,decorr,1.92395,0.302361,0.123438,6,-0.3712,0.5286
cx_yaw_modulation_hz,conf25,1.8592,0.20672,0.084393,6,-0.1318,0.824
cx_yaw_modulation_hz,conf50,1.91798,0.15669,0.0639683,6,-0.5392,0.3714
cx_yaw_modulation_hz,conf75,1.89036,0.18704,0.0763589,6,-0.3245,0.5739
cx_tuning_wire_corr,rest,0,0,0,6,65.95,0.003249
cx_tuning_wire_corr,flow,0.344384,0.0128921,0.00526317,6,-3.649,0.0002499
cx_tuning_wire_corr,self,0.307033,0.0065838,0.00268783,6,,
cx_tuning_wire_corr,shuffle,0.361893,0.0185537,0.00757451,6,-3.941,0.0002499
cx_tuning_wire_corr,randmat,0.35059,0.0280957,0.01147,6,-2.135,0.01325
cx_tuning_wire_corr,decorr,0.252474,0.0257778,0.0105237,6,2.9,0.003249
cx_tuning_wire_corr,conf25,0.296541,0.0143245,0.00584796,6,0.9411,0.1397
cx_tuning_wire_corr,conf50,0.279573,0.0163529,0.00667602,6,2.203,0.003249
cx_tuning_wire_corr,conf75,0.262542,0.0103698,0.00423344,6,5.122,0.003249
ring_tuning_wire_corr,rest,0,0,0,6,1.425,0.04449
ring_tuning_wire_corr,flow,0.154585,0.0912158,0.0372387,6,-0.3183,0.6246
ring_tuning_wire_corr,self,0.120695,0.119818,0.0489157,6,,
ring_tuning_wire_corr,shuffle,0.20565,0.065667,0.0268085,6,-0.8793,0.1642
ring_tuning_wire_corr,randmat,0.0262718,0.162786,0.0664572,6,0.6606,0.2804
ring_tuning_wire_corr,decorr,-0.0184124,0.246433,0.100606,6,0.7179,0.2327
ring_tuning_wire_corr,conf25,-0.0484648,0.193465,0.0789816,6,1.051,0.09673
ring_tuning_wire_corr,conf50,0.0805585,0.113942,0.0465166,6,0.3433,0.5619
ring_tuning_wire_corr,conf75,0.0270915,0.180668,0.0737574,6,0.6106,0.3037
ring_ang_diffusion_deg,rest,25.295,8.84962,3.61284,6,1.503,0.02974
ring_ang_diffusion_deg,flow,34.1298,5.48034,2.23734,6,0.2818,0.6258
ring_ang_diffusion_deg,self,35.4304,3.54605,1.44767,6,,
ring_ang_diffusion_deg,shuffle,75.5472,61.6151,25.1543,6,-0.9193,0.06998
ring_ang_diffusion_deg,randmat,31.4824,1.624,0.662997,6,1.432,0.03924
ring_ang_diffusion_deg,decorr,59.0262,65.1215,26.5857,6,-0.5117,0.7113
ring_ang_diffusion_deg,conf25,30.8249,6.44726,2.63208,6,0.8852,0.1557
ring_ang_diffusion_deg,conf50,30.817,4.46076,1.8211,6,1.145,0.07073
ring_ang_diffusion_deg,conf75,36.4072,3.72303,1.51992,6,-0.2687,0.6416
ring_ang_ac1,rest,-0.027963,0.0116295,0.00474771,6,-1.935,0.0115
ring_ang_ac1,flow,-0.0366576,0.0269729,0.0110117,6,-0.6923,0.2772
ring_ang_ac1,self,-0.051183,0.0123617,0.00504665,6,,
ring_ang_ac1,shuffle,0.346054,0.47139,0.192444,6,-1.191,0.1262
ring_ang_ac1,randmat,-0.0402892,0.00546286,0.0022302,6,-1.14,0.09273
ring_ang_ac1,decorr,0.107998,0.411611,0.16804,6,-0.5467,0.7613
ring_ang_ac1,conf25,-0.0402862,0.00638127,0.00260514,6,-1.108,0.09173
ring_ang_ac1,conf50,-0.0107793,0.0373246,0.0152377,6,-1.453,0.008998
ring_ang_ac1,conf75,-0.0422853,0.0206522,0.00843122,6,-0.5228,0.4359
steer_corr_yaw,rest,0,0,0,6,56.39,0.003249
steer_corr_yaw,flow,0.752793,0.0327665,0.0133769,6,0.159,0.7936
steer_corr_yaw,self,0.757052,0.0189874,0.00775156,6,,
steer_corr_yaw,shuffle,0.707743,0.00803977,0.00328222,6,3.382,0.003249
steer_corr_yaw,randmat,0.791709,0.02081,0.00849565,6,-1.74,0.01075
steer_corr_yaw,decorr,0.691007,0.0269914,0.0110192,6,2.83,0.003249
steer_corr_yaw,conf25,0.748515,0.0182601,0.00745465,6,0.4583,0.4476
steer_corr_yaw,conf50,0.732548,0.0183306,0.00748342,6,1.313,0.05399
steer_corr_yaw,conf75,0.723243,0.0359011,0.0146566,6,1.177,0.06948
steer_asym_sd_hz,rest,274.688,15.4807,6.31995,6,18.25,0.003249
steer_asym_sd_hz,flow,579.636,15.5043,6.32962,6,-0.4425,0.4514
steer_asym_sd_hz,self,572.412,17.1133,6.98647,6,,
steer_asym_sd_hz,shuffle,563.096,14.6695,5.98879,6,0.5845,0.3497
steer_asym_sd_hz,randmat,608.922,24.1672,9.8662,6,-1.744,0.0115
steer_asym_sd_hz,decorr,546.389,20.7905,8.48768,6,1.367,0.03899
steer_asym_sd_hz,conf25,565.802,11.3946,4.65184,6,0.4547,0.4619
steer_asym_sd_hz,conf50,552.82,9.58793,3.91425,6,1.412,0.03549
steer_asym_sd_hz,conf75,557.789,18.9763,7.74705,6,0.8093,0.1937
dn_rate_hz,rest,2696.67,9.01352,3.67975,6,36.9,0.003249
dn_rate_hz,flow,4236.22,72.9954,29.8003,6,-2.585,0.007248
dn_rate_hz,self,4072.44,51.9511,21.209,6,,
dn_rate_hz,shuffle,4250.39,58.275,23.7907,6,-3.223,0.0002499
dn_rate_hz,randmat,4209.94,41.7062,17.0265,6,-2.919,0.003249
dn_rate_hz,decorr,4197,57.8081,23.6001,6,-2.266,0.008248
dn_rate_hz,conf25,4103.61,57.2816,23.3851,6,-0.57,0.3382
dn_rate_hz,conf50,4130.33,33.6128,13.7224,6,-1.323,0.04124
dn_rate_hz,conf75,4154.78,24.7851,10.1185,6,-2.023,0.01125
