arm,trial,pool_rate_hz,injected_events,cx_rate_hz,cx_active_fraction,ring_rate_hz,columnar_rate_hz,fanbody_rate_hz,other_rate_hz,ring_active_fraction,columnar_active_fraction,fanbody_active_fraction,other_active_fraction,pair_corr,tau_ms,dim,pop_rate_sd_hz,bumpR,patch_drive_fraction,patch_level_ratio,anat_gain_integral,anat_resid_deg,anat_gain_yaw,turned_deg,ring_pc12_var,ring_loop,ring_track_gain_yaw,ring_lag_yaw_deg,ring_track_gain_head,ring_lag_head_deg,cx_yaw_modulation_hz,cx_tuning_wire_corr,ring_tuning_wire_corr,ring_ang_diffusion_deg,ring_ang_ac1,steer_corr_yaw,steer_asym_sd_hz,dn_rate_hz,loop_err_rms,loop_err_mean
rest,0,22.6147,0,0.252652,0.0139826,0,0,0,1.42005,0,0,0,0.0785908,0,34.6291,24.6624,0.0460944,0,0,0,0,NaN,0,0,0,1,0,0,0,0,0,0,0,0,0,0,176.115,1053,0,0
rest,1,22.6284,0,0.251366,0.0130183,0,0,0.000554631,1.41192,0,0,0,0.0731707,0,32.0141,24.9673,0.0473718,0,0,0,0,NaN,0,0,0,1,0,0,0,0,0,0,0,0,0,0,194.798,1061.67,0,0
rest,2,22.6415,0,0.251527,0.0135005,0,0,0,1.41373,0,0,0,0.0758808,0,29.3786,24.8156,0.0479524,0,0,0,0,NaN,0,0,0,1,0,0,0,0,0,0,0,0,0,0,179.5,1064.67,0,0
rest,3,22.6331,0,0.251688,0.0139826,0,0,0,1.41463,0,0,0,0.0785908,0,31.1293,24.7801,0.049318,0,0,0,0,NaN,0,0,0,1,0,0,0,0,0,0,0,0,0,0,182.105,1070,0,0
rest,4,22.6748,0,0.250241,0.0130183,0,0,0.000554631,1.4056,0,0,0,0.0731707,0,29.8997,25.5369,0.0452343,0,0,0,0,NaN,0,0,0,1,0,0,0,0,0,0,0,0,0,0,185.086,1058,0,0
rest,5,22.6616,0,0.256831,0.0135005,0,0,0.000554631,1.44264,0,0,0,0.0758808,0,34.0567,26.7931,0.0499912,0,0,0,0,NaN,0,0,0,1,0,0,0,0,0,0,0,0,0,0,181.921,1061.33,0,0
rest,6,22.6432,0,0.25233,0.0130183,0,0,0,1.41825,0,0,0,0.0731707,0,32.6714,24.1785,0.0490459,0,0,0,0,NaN,0,0,0,1,0,0,0,0,0,0,0,0,0,0,168.241,1057.33,0,0
rest,7,22.6814,0,0.251205,0.0135005,0,0,0,1.41192,0,0,0,0.0758808,0,30.9028,25.5328,0.0478888,0,0,0,0,NaN,0,0,0,1,0,0,0,0,0,0,0,0,0,0,178.147,1057,0,0
rest,8,22.6354,0,0.256188,0.0135005,0,0,0,1.43993,0,0,0,0.0758808,0,32.3856,26.1134,0.0509614,0,0,0,0,NaN,0,0,0,1,0,0,0,0,0,0,0,0,0,0,185.028,1070.33,0,0
rest,9,22.563,0,0.248955,0.0139826,0,0,0,1.39928,0,0,0,0.0785908,0,31.3992,25.1316,0.0492299,0,0,0,0,NaN,0,0,0,1,0,0,0,0,0,0,0,0,0,0,190.106,1051,0,0
flow,0,51.655,655160,3.8044,0.210222,19.2941,0.550515,3.44204,10.6757,0.897059,0.0888031,0.183028,0.468835,0.00405419,225.253,49.0337,0.970967,0.336522,0.249277,0.996639,0.00459532,181.78,5.61488,-60.5844,0.431388,0.16,3.0709,-60.1159,0.601316,-132.351,1.95919,0.305426,0.172691,173.501,0.829727,0.824217,490.777,2045,0,0
flow,1,51.7139,655104,4.00129,0.225169,20.2549,0.640605,3.59845,11.0976,0.882353,0.110039,0.186356,0.490515,0.00108416,205.739,42.0277,1.04613,0.360824,0.249276,0.996637,0.996679,129.029,1.1535,-60.7076,0.443967,0.08,2.71933,-50.1502,0.541671,-121.907,2.03468,0.307896,0.193804,134.599,0.711088,0.776212,510.834,2086.33,0,0
flow,2,51.729,654755,3.96689,0.214079,20.3137,0.616152,3.58514,10.9837,0.867647,0.0945946,0.183028,0.479675,0.00375774,225.268,47.5019,1.00564,0.312989,0.249276,0.996635,6.54958,189.81,10.4054,-60.8062,0.405247,0.0733333,3.09507,-53.7426,0.632528,-124.828,1.95506,0.303319,0.20469,136.539,0.784643,0.784448,480.87,2060,0,0
flow,3,51.703,653746,4.07168,0.213115,21.2794,0.663449,3.54909,11.3207,0.867647,0.0916988,0.189684,0.471545,0.00591191,225.724,56.0929,0.986103,0.303272,0.249274,0.996623,1.51255,324.185,10.3091,-61.0009,0.431444,0.12,3.05491,-61.495,0.617256,-133.678,1.86824,0.320112,0.190327,316.895,0.931593,0.790803,507.041,2090.67,0,0
flow,4,51.6161,653765,3.88846,0.21215,19.8971,0.59749,3.45646,10.8817,0.867647,0.0916988,0.178037,0.485095,0.00371635,232.433,50.3278,0.994718,0.33788,0.249275,0.99663,0.500476,315.817,11.8142,-60.8479,0.389376,0.106667,1.95513,-51.9426,0.401493,-125.654,1.97111,0.306808,0.208431,297.712,0.917872,0.783031,523.846,2091.67,0,0
flow,5,51.6765,655917,3.90276,0.218419,19.3235,0.606178,3.62729,10.7651,0.897059,0.0984556,0.18802,0.479675,0.00325547,251.958,52.6461,1.02008,0.355588,0.249275,0.996629,1.76391,167.306,5.7221,-60.8748,0.410789,0.193333,2.83562,-33.454,0.567526,-106.838,2.04747,0.29558,0.213212,128.935,0.681659,0.776071,501.752,2064,0,0
flow,6,51.5796,654716,3.87721,0.206365,19.8039,0.544723,3.54798,10.8347,0.882353,0.0839768,0.1797,0.468835,0.0039013,235.658,55.6896,0.950121,0.317589,0.249276,0.996638,3.16588,93.5513,2.27063,-60.7695,0.418995,0.153333,2.16755,-63.3623,0.430299,-135.944,1.77685,0.315996,0.190194,127.313,0.680496,0.778785,512.029,2064.67,0,0
flow,7,51.6457,656730,4.04789,0.212633,21.299,0.606178,3.5868,11.2827,0.882353,0.0878378,0.18802,0.479675,0.00154072,202.47,51.3012,0.983919,0.296618,0.249274,0.996627,0.738235,164.681,1.5185,-61.1442,0.411111,0.106667,2.16758,-68.9701,0.440156,-140.958,1.80199,0.331494,0.224507,158.587,0.810224,0.759153,484.743,2076.33,0,0
flow,8,51.6494,655018,4.06397,0.21649,21.0147,0.638031,3.58403,11.3406,0.882353,0.0945946,0.186356,0.485095,0.00444087,218.374,52.4045,1.03325,0.312307,0.249273,0.996622,6.91465,183.362,6.685,-61.183,0.439183,0.106667,3.24008,-66.5073,0.648966,-139.337,1.92739,0.303528,0.186408,275.576,0.933562,0.798633,506.907,2068,0,0
flow,9,51.5712,655799,3.89794,0.216008,19.9167,0.582368,3.53189,10.8509,0.882353,0.0974903,0.184692,0.476965,0.00196917,209.418,52.9947,0.980221,0.335166,0.249276,0.996636,3.45092,206.567,0.530935,-61.0778,0.433713,0.233333,2.6054,-81.5583,0.53475,-155.087,1.85267,0.302934,0.219393,219.694,0.887112,0.788819,500.687,2069.33,0,0
self,0,51.1211,654003,3.10913,0.16731,18.3235,0.405084,2.44315,8.98193,0.852941,0.0598456,0.124792,0.411924,0.00210717,152.218,61.552,0.708334,0.337787,0.124625,0.427315,9.35808,201.419,13.805,-60.5844,0.395653,0.18,1.88591,-72.3083,0.369283,-144.544,1.10872,0.271069,0.157038,206.662,0.849734,0.70912,437.906,1993.33,0,0
self,1,51.1276,654466,3.16249,0.174542,18.5784,0.425676,2.41764,9.21861,0.867647,0.0550193,0.131448,0.452575,0.000184115,161.193,48.2442,0.787594,0.311645,0.124539,0.426978,0.751163,104.078,0.950005,-60.7076,0.389567,0.2,2.14015,-74.6517,0.426302,-146.409,1.1977,0.25613,0.223066,106.015,0.582735,0.734069,406.543,1993.67,0,0
self,2,51.1618,653817,3.26197,0.175024,19.4216,0.464608,2.44149,9.47426,0.852941,0.0627413,0.123128,0.449865,0.00247989,176.639,49.067,0.805693,0.359306,0.124656,0.427435,5.58149,348.829,15.9982,-60.8062,0.425628,0.173333,2.02933,-77.0211,0.414727,-148.106,1.19704,0.267518,0.212756,209.112,0.864683,0.752009,408.991,1998.67,0,0
self,3,51.2681,656127,3.50145,0.182739,21.3088,0.542471,2.50749,10.1463,0.838235,0.0743243,0.131448,0.449865,0.00395777,149.455,57.4943,0.774052,0.273114,0.124637,0.427362,2.62017,231.779,6.39705,-61.0009,0.403915,0.0933333,2.34577,-87.9018,0.47397,-160.085,1.10107,0.266762,0.170509,169.046,0.806223,0.741724,432.961,2001,0,0
self,4,51.1677,655512,3.1596,0.166345,18.6029,0.430502,2.38547,9.23668,0.852941,0.050193,0.123128,0.436314,0.000451172,144.799,57.2189,0.749242,0.354091,0.124629,0.427332,1.90011,161.804,0.885519,-60.8479,0.447996,0.206667,2.25932,-87.1001,0.463958,-160.811,0.988398,0.308749,0.151776,182.817,0.816722,0.6998,436.529,1982.67,0,0
self,5,51.2032,655607,3.19849,0.16972,18.8186,0.427606,2.42707,9.35592,0.838235,0.0559846,0.121464,0.444444,0.00170265,171.347,52.7594,0.780612,0.338262,0.124603,0.427227,5.12952,144.397,2.73707,-60.8748,0.41777,0.2,2.50468,-62.0713,0.501289,-135.455,1.14436,0.254075,0.18781,219.311,0.866645,0.728071,444.505,1987.33,0,0
self,6,51.1354,656404,3.12263,0.169238,18.299,0.406692,2.40044,9.12737,0.867647,0.0540541,0.123128,0.439024,0.00225943,139.764,54.1328,0.751183,0.374619,0.124593,0.42719,2.4667,140.039,1.68602,-60.7695,0.371573,0.166667,3.11021,-72.4179,0.617433,-145,0.880667,0.335148,0.151101,166.151,0.793537,0.724491,414.113,1985.67,0,0
self,7,51.3031,655622,3.4325,0.16972,20.8235,0.47973,2.49529,10.0443,0.838235,0.0492278,0.123128,0.460705,0.000789393,132.667,56.7774,0.78363,0.281715,0.124594,0.427194,6.07119,354.726,13.4859,-61.1442,0.383864,0.16,2.29172,-51.5836,0.465366,-123.571,0.711312,0.385866,0.220096,200.592,0.844543,0.70081,431.3,1996,0,0
self,8,51.1211,654967,3.15992,0.173095,18.3382,0.422136,2.42207,9.25113,0.808824,0.0598456,0.126456,0.449865,0.00489696,161.776,36.0195,0.826902,0.399411,0.12453,0.426941,6.23395,339.744,15.6619,-61.183,0.41377,0.08,3.13613,-65.9594,0.628145,-138.79,1.18307,0.266315,0.161328,184.042,0.863987,0.750883,430.527,2000,0,0
self,9,51.0579,656268,3.17438,0.171167,18.5539,0.427606,2.41986,9.28094,0.867647,0.0550193,0.1198,0.452575,0.000970223,169.816,48.9977,0.82139,0.404285,0.124479,0.426745,1.61949,157.128,0.0684823,-61.0778,0.445135,0.206667,2.40342,-65.1294,0.493293,-138.658,1.14771,0.247056,0.236339,171.67,0.82651,0.727305,422.225,1992.67,0,0
shuffle,0,51.3052,655336,4.05914,0.214561,22.0196,0.669563,3.38713,11.3604,0.882353,0.102317,0.168053,0.482385,0.00282624,212.881,56.417,0.955328,0.280216,0.124625,0.427315,8.1713,244.742,3.20972,-60.5844,0.425325,0.04,2.29359,-55.5977,0.44911,-127.833,1.74207,0.316634,0.203394,338.769,0.944705,0.74266,488.792,2092.33,0,0
shuffle,1,51.3556,656225,3.87962,0.210704,20.6471,0.619369,3.33056,10.8374,0.867647,0.0994209,0.171381,0.466125,0.00411284,182.451,54.8417,0.932298,0.306703,0.124539,0.426978,3.03798,176.585,3.69478,-60.7076,0.415368,0.0733333,2.88389,-55.5713,0.574449,-127.328,1.59808,0.340916,0.210978,124.571,0.609837,0.766876,486.41,2084.33,0,0
shuffle,2,51.2345,653859,4.00225,0.219383,21.3284,0.691763,3.40322,11.0795,0.867647,0.109073,0.1797,0.474255,0.00322722,195.852,53.4693,0.958577,0.272872,0.124656,0.427435,9.36245,500.479,16.8705,-60.8062,0.386903,0.06,1.73134,-46.7352,0.353828,-117.82,1.62639,0.357693,0.23297,284.583,0.923362,0.742748,484.481,2097,0,0
shuffle,3,51.0852,654333,3.86451,0.215526,20.2696,0.621943,3.37992,10.7344,0.882353,0.102317,0.174709,0.476965,0.00490619,219.474,51.8531,0.955253,0.314166,0.124637,0.427362,5.82713,191.031,8.26685,-61.0009,0.438523,0.0866667,2.25867,-57.7849,0.456372,-129.968,1.8466,0.314993,0.17212,175.098,0.808294,0.761932,484.28,2088,0,0
shuffle,4,51.3092,655968,3.92591,0.218419,20.5049,0.65251,3.3949,10.9259,0.882353,0.107143,0.1797,0.471545,0.00441886,189.847,48.1069,0.947349,0.291002,0.124629,0.427332,2.41824,156.303,1.1912,-60.8479,0.396913,0.106667,1.53209,-61.4471,0.31462,-135.158,1.63151,0.335531,0.225154,150.474,0.73835,0.750481,469.579,2098.67,0,0
shuffle,5,51.2592,654470,3.96111,0.222276,20.9951,0.644466,3.39656,11.0533,0.882353,0.109073,0.184692,0.479675,0.00197568,202.41,54.3931,0.929708,0.312149,0.124603,0.427227,1.97213,231.723,3.59265,-60.8748,0.407841,0.08,2.23929,-72.8788,0.448174,-146.263,1.61704,0.345157,0.196942,202.054,0.845296,0.744404,475.558,2091.67,0,0
shuffle,6,51.3201,655419,3.8118,0.213115,19.848,0.586873,3.37659,10.6197,0.867647,0.0965251,0.183028,0.468835,0.00124218,218.897,50.0244,0.919574,0.34247,0.124593,0.42719,4.11311,173.283,7.97862,-60.7695,0.437504,0.126667,2.16206,-58.3848,0.429209,-130.967,1.75273,0.320757,0.192654,177.147,0.832716,0.740265,472.523,2074,0,0
shuffle,7,51.2736,655425,3.83912,0.214561,20.0784,0.626448,3.34942,10.664,0.852941,0.101351,0.174709,0.479675,0.00614191,203.055,52.8582,0.939297,0.357258,0.124594,0.427194,2.3522,130.107,0.984049,-61.1442,0.431157,0.113333,2.72534,-56.0804,0.553418,-128.068,1.72928,0.333327,0.172981,134.636,0.727053,0.749681,466.381,2080,0,0
shuffle,8,51.236,655351,3.92221,0.216972,20.6471,0.653475,3.34609,10.9557,0.867647,0.0926641,0.178037,0.509485,0.00614304,199.85,53.8433,0.98351,0.333189,0.12453,0.426941,8.78427,261.787,13.8367,-61.183,0.448914,0.173333,2.76561,-48.8853,0.553934,-121.715,1.5169,0.351395,0.255579,131.759,0.705936,0.775739,501.342,2073.33,0,0
shuffle,9,51.3394,656543,4.01961,0.21649,21.3922,0.683398,3.45147,11.1102,0.882353,0.104247,0.174709,0.476965,0.00093556,188.567,58.3705,0.914654,0.2693,0.124479,0.426745,9.22728,314.043,16.8878,-61.0778,0.395365,0.126667,2.34528,-64.6879,0.48136,-138.217,1.5275,0.359733,0.171259,173.963,0.795814,0.79187,480.051,2103,0,0
randmat,0,50.935,654278,2.93346,0.15622,18.0441,0.381918,2.22019,8.47425,0.808824,0.0482625,0.114809,0.406504,0.00151872,109.019,52.8729,0.669954,0.383261,0.122753,0.428457,4.39881,213.018,4.34464,-60.5844,0.397997,0.16,1.6982,-85.9364,0.332526,-158.172,0.850569,0.219711,0.178257,275.463,0.898475,0.807943,497.66,2036,0,0
randmat,1,51.1036,656338,3.12777,0.166827,19.402,0.453025,2.34443,8.91418,0.867647,0.0559846,0.123128,0.420054,0.00116628,111.594,53.1011,0.692771,0.329396,0.122669,0.42812,2.61113,221.185,5.16624,-60.7076,0.387927,0.14,1.3657,-93.0447,0.272037,-164.802,1.05431,0.204701,0.190049,248.587,0.90048,0.785699,500.195,2025.67,0,0
randmat,2,51.0205,655494,3.13067,0.164899,19.3726,0.421171,2.3056,9.08853,0.867647,0.0521236,0.121464,0.422764,0.001188,92.4838,49.5671,0.77579,0.359676,0.122783,0.428577,10.9591,259.918,9.16174,-60.8062,0.470603,0.166667,1.88228,-66.5669,0.384675,-137.652,0.89976,0.236519,0.160834,284.714,0.92996,0.791152,476.568,2045.33,0,0
randmat,3,50.9306,654110,3.07281,0.159113,19.2353,0.421171,2.27121,8.84462,0.852941,0.050193,0.114809,0.409214,0.00395975,118.651,55.1695,0.720362,0.369715,0.122765,0.428504,4.01094,152.219,0.680817,-61.0009,0.400173,0.133333,2.44951,-60.7489,0.494933,-132.932,0.918011,0.216493,0.157495,211.545,0.880425,0.806665,492.029,2053.67,0,0
randmat,4,51.0171,654263,3.19351,0.164899,20.3186,0.450451,2.35996,9.09666,0.867647,0.050193,0.1198,0.430894,0.00172196,103.355,54.0902,0.758154,0.307568,0.122758,0.428474,0.848129,251.388,3.01023,-60.8479,0.418727,0.16,1.815,-53.8114,0.372716,-127.522,0.892272,0.241068,0.141348,254.449,0.902276,0.747145,474.719,2047,0,0
randmat,5,50.9355,654902,2.99196,0.158149,18.1029,0.405084,2.24847,8.68112,0.823529,0.0472973,0.113145,0.420054,0.0018173,79.7171,46.4572,0.766398,0.368142,0.122731,0.428369,6.02189,216.512,9.87133,-60.8748,0.510999,0.233333,2.64929,-71.1247,0.530233,-144.509,0.756476,0.24795,0.132057,129.445,0.748376,0.797661,470.711,2040.33,0,0
randmat,6,50.9901,655228,3.17036,0.161524,19.8725,0.439189,2.28286,9.20596,0.867647,0.0511583,0.114809,0.417344,0.0020699,102.396,56.3615,0.734465,0.304977,0.122722,0.428332,2.42172,148.779,1.01755,-60.7695,0.38201,0.126667,3.07592,-35.5525,0.610627,-108.135,0.694642,0.296411,0.179089,175.777,0.829072,0.798864,476.204,2013,0,0
randmat,7,50.9989,655483,3.12054,0.157666,19.4314,0.447877,2.30172,8.95212,0.823529,0.0482625,0.1198,0.403794,0.00150641,88.7955,49.7937,0.700716,0.34264,0.122723,0.428336,1.11103,281.184,4.80808,-61.1442,0.395496,0.16,1.74664,-76.3956,0.354678,-148.383,0.689007,0.283729,0.205235,277.625,0.92546,0.797202,489.689,2045.33,0,0
randmat,8,50.9735,654987,3.19994,0.16297,20.0931,0.446589,2.36606,9.17525,0.838235,0.0511583,0.1198,0.422764,0.00321546,128.997,59.2948,0.734375,0.314182,0.122659,0.428082,2.07892,170.09,4.9869,-61.183,0.364216,0.126667,3.06999,-35.4515,0.614899,-108.282,0.748237,0.264167,0.20013,157.796,0.770549,0.789628,492.076,2047.33,0,0
randmat,9,50.8993,656593,3.1027,0.162488,19.1569,0.416988,2.32169,8.95664,0.823529,0.050193,0.121464,0.422764,0.000532353,115.67,60.793,0.695482,0.334611,0.12261,0.427887,4.87689,166.213,5.32474,-61.0778,0.37904,0.14,3.15777,-59.2903,0.648122,-132.819,0.849646,0.221374,0.170149,215.695,0.879122,0.798199,477.158,2044.33,0,0
decorr,0,51.4645,656616,3.88669,0.18756,20.5147,0.576898,3.35108,10.9874,0.794118,0.0675676,0.154742,0.466125,0.00145402,145.952,70.0266,0.77406,0.278654,0.230909,0.901156,0.0842513,211.307,3.66245,-60.5844,0.363515,0.126667,2.35223,-82.1875,0.460593,-154.423,0.957476,0.272772,0.184812,211.128,0.86609,0.613622,427.778,2096.67,0,0
decorr,1,51.6765,656779,3.96159,0.198168,20.4706,0.611969,3.47698,11.1129,0.838235,0.0743243,0.164725,0.482385,-0.00151869,122.732,59.0875,0.876008,0.337989,0.229507,0.894055,5.50397,312.172,13.3076,-60.7076,0.463414,0.16,1.53455,-55.9246,0.305671,-127.682,0.561954,0.386019,0.132867,279.128,0.902285,0.591936,441.157,2079.67,0,0
decorr,2,51.5144,654815,3.92302,0.193828,20.7549,0.571429,3.37826,11.1183,0.852941,0.0685328,0.166389,0.468835,0.00277467,154.078,49.2298,0.884766,0.309771,0.237032,0.932474,3.92828,253.527,10.2034,-60.8062,0.408936,0.1,2.33807,-38.6936,0.477823,-109.779,1.10848,0.307165,0.182667,143.091,0.763407,0.655213,420.592,2083,0,0
decorr,3,51.5215,656651,3.83301,0.194311,20.451,0.563063,3.25846,10.8871,0.838235,0.0752896,0.159734,0.466125,0.00355203,140.357,56.7595,0.858016,0.293094,0.229195,0.892477,1.20728,150.178,0.414174,-61.0009,0.419396,0.133333,3.10344,-61.4821,0.62706,-133.665,0.907965,0.300588,0.202851,160.491,0.768461,0.620742,389.645,2064,0,0
decorr,4,51.5951,654815,4.01575,0.202989,21.5686,0.613256,3.42041,11.3035,0.867647,0.0810811,0.164725,0.485095,0.00215185,158.114,57.595,0.920738,0.276685,0.228615,0.88955,2.91734,365.223,14.4432,-60.8479,0.440433,0.146667,1.77765,-75.6426,0.365048,-149.354,0.898505,0.342422,0.189936,252.586,0.900093,0.629216,423.145,2070.33,0,0
decorr,5,51.5799,655868,3.92269,0.208293,20.9461,0.629344,3.34443,10.9738,0.823529,0.0984556,0.174709,0.457995,0.00352362,130.546,52.1066,0.848073,0.278446,0.232528,0.90939,2.68629,183.972,5.11769,-60.8748,0.389499,0.08,3.14028,-45.7917,0.628501,-119.176,0.963879,0.349236,0.177449,138.052,0.668572,0.661757,447.148,2072.33,0,0
decorr,6,51.4813,656060,3.96962,0.199614,21.2255,0.605212,3.37105,11.2105,0.823529,0.0772201,0.176373,0.466125,0.0034218,164.553,66.9569,0.83913,0.265664,0.238508,0.940102,6.80166,291.688,8.00957,-60.7695,0.375124,0.0866667,0.387842,-25.8071,0.0769937,-98.3892,1.09589,0.306659,0.208535,267.847,0.896678,0.622453,434.722,2057.67,0,0
decorr,7,51.4114,654626,4.06188,0.189489,22.25,0.60843,3.45591,11.393,0.838235,0.0637066,0.161398,0.468835,0.0009846,116.987,62.4611,0.83323,0.273969,0.233195,0.912792,9.01517,353.262,18.7548,-61.1442,0.432446,0.113333,2.23755,-103.509,0.454365,-175.496,0.570206,0.266518,0.230733,171.297,0.789575,0.547156,428.351,2105,0,0
decorr,8,51.6007,654765,4.06879,0.196721,21.5,0.598455,3.59789,11.3668,0.794118,0.0694981,0.169717,0.487805,0.00293875,193.358,54.6322,0.87254,0.265121,0.23213,0.90736,0.442212,330.494,5.69316,-61.183,0.385233,0.113333,2.76809,-63.5073,0.55443,-136.337,1.05028,0.3265,0.328766,285.179,0.916824,0.604328,441.014,2104.67,0,0
decorr,9,51.5203,656292,3.99164,0.183703,21.6324,0.574003,3.42651,11.2565,0.867647,0.0559846,0.15807,0.457995,0.000895776,108.536,61.8935,0.844763,0.262304,0.228923,0.891105,8.11343,393.878,0.556774,-61.0778,0.432647,0.1,2.22163,-93.6898,0.455982,-167.219,0.57518,0.293018,0.167171,525.274,0.968945,0.575465,427.454,2085.67,0,0
conf25,0,51.2438,655443,3.35519,0.172131,18.7696,0.459459,2.68386,9.73803,0.838235,0.0530888,0.131448,0.449865,0.00119413,118.621,52.7891,0.761336,0.343913,0.14775,0.520353,0.193033,72.4393,0.247716,-60.5844,0.419175,0.16,1.28387,-69.9782,0.251396,-142.213,0.940822,0.308951,0.145297,72.9486,-0.0686925,0.722955,438.561,2019.67,0,0
conf25,1,51.4104,655864,3.46336,0.181774,19.7206,0.474582,2.73821,10.0397,0.882353,0.0704633,0.129784,0.449865,0.000789877,83.0836,50.2437,0.781558,0.338712,0.148086,0.521741,4.03566,153.177,3.09883,-60.7076,0.490737,0.153333,1.06674,-97.8256,0.212486,-169.583,0.64956,0.405328,0.167233,167.016,0.771864,0.730969,410.613,2019,0,0
conf25,2,51.3472,655297,3.51334,0.189971,19.9461,0.519627,2.72712,10.1707,0.838235,0.0733591,0.139767,0.479675,0.000248378,125.222,45.1163,0.847131,0.314787,0.149471,0.527479,4.77102,214.209,10.5172,-60.8062,0.481203,0.193333,1.56115,-62.0291,0.319046,-133.114,0.725802,0.399237,0.254337,194.008,0.809076,0.675382,409.6,2032.67,0,0
conf25,3,51.301,655867,3.46721,0.189007,19.4804,0.513835,2.71381,10.0352,0.867647,0.0772201,0.133111,0.468835,0.00248788,105.179,42.2819,0.889328,0.326279,0.148157,0.522033,3.16659,266.03,0.110742,-61.0009,0.543203,0.213333,1.99118,-102.814,0.402325,-174.997,0.96172,0.305027,0.214436,300.213,0.930894,0.700861,446.308,2001.67,0,0
conf25,4,51.3519,654227,3.33848,0.175024,18.4951,0.431789,2.7066,9.73532,0.882353,0.0550193,0.124792,0.463415,0.0018166,130.376,47.181,0.820039,0.356839,0.145767,0.512177,19.1335,445.347,30.0551,-60.8479,0.447902,0.153333,2.57793,-67.4194,0.529387,-141.13,0.922037,0.315943,0.18022,260.709,0.923538,0.727431,451.557,2025,0,0
conf25,5,51.303,655590,3.54677,0.17406,20.7304,0.516087,2.7726,10.15,0.823529,0.0598456,0.131448,0.444444,0.00193436,149.147,58.1754,0.804037,0.277041,0.147294,0.518467,3.95166,210.165,8.58043,-60.8748,0.381471,0.106667,3.43476,-51.402,0.687437,-124.786,0.92672,0.326498,0.228688,177.717,0.786824,0.708683,430.408,2002.33,0,0
conf25,6,51.3093,655246,3.69544,0.177917,21.9314,0.566924,2.73322,10.6856,0.852941,0.0627413,0.124792,0.463415,0.00314867,101.246,57.9957,0.83544,0.285381,0.148638,0.524025,4.53103,239.104,9.63629,-60.7695,0.460871,0.146667,2.3452,-84.4283,0.465565,-157.01,1.0152,0.300782,0.17562,140.925,0.671457,0.7181,449.547,2009,0,0
conf25,7,51.3992,656290,3.5667,0.17406,20.7157,0.537645,2.73544,10.2647,0.852941,0.0569498,0.129784,0.449865,0.000959284,116.39,44.116,0.806954,0.284959,0.146801,0.516434,1.51413,244.509,8.99475,-61.1442,0.435689,0.1,1.76849,-65.2977,0.359115,-137.285,1.07698,0.256474,0.19346,231.1,0.894183,0.728697,422.116,2032.33,0,0
conf25,8,51.3881,656012,3.66217,0.1919,20.9314,0.57175,2.86522,10.4544,0.867647,0.0801158,0.133111,0.476965,0.00352544,109.746,47.6115,0.836574,0.322461,0.146708,0.51605,3.96197,330.976,9.97026,-61.183,0.433371,0.12,1.33187,-57.8592,0.266765,-130.689,1.13103,0.250995,0.221851,268.536,0.903887,0.708957,465.211,2032,0,0
conf25,9,51.2458,656532,3.42093,0.174542,19.6176,0.475225,2.74265,9.8112,0.852941,0.0579151,0.12812,0.452575,4.71658E-06,155.586,62.2294,0.758245,0.322773,0.145701,0.511904,2.12173,168.067,0.0510611,-61.0778,0.417156,0.106667,2.34402,-43.8305,0.481103,-117.36,0.849609,0.306402,0.206887,158.803,0.752382,0.66089,396.754,2018.67,0,0
conf50,0,51.3587,654959,3.71601,0.175024,21.4216,0.530566,2.9218,10.6902,0.852941,0.0569498,0.129784,0.455285,0.00109626,111.158,64.6068,0.760565,0.254328,0.176741,0.644375,9.38911,567.887,22.5857,-60.5844,0.374163,0.1,2.84365,-82.843,0.556819,-155.078,0.715398,0.345601,0.193349,314.79,0.939619,0.669103,416.154,2042.33,0,0
conf50,1,51.3642,655276,3.70974,0.179364,21.299,0.547297,2.97948,10.5366,0.852941,0.0559846,0.139767,0.466125,0.00121122,151.739,53.9531,0.809609,0.296165,0.176386,0.642802,0.560721,191.119,4.92319,-60.7076,0.411443,0.126667,2.28636,-27.3771,0.455427,-99.1342,0.88539,0.326,0.201036,184.976,0.817611,0.624131,415.645,2025.33,0,0
conf50,2,51.434,656462,3.59515,0.176471,20.6176,0.508366,2.89296,10.2683,0.823529,0.0627413,0.138103,0.439024,0.00136047,150.769,62.2872,0.784697,0.286386,0.1794,0.656187,2.75564,378.558,14.2161,-60.8062,0.401161,0.1,1.5383,-86.9994,0.314377,-158.084,0.993582,0.300524,0.205124,350.704,0.948005,0.655235,429.956,2020.33,0,0
conf50,3,51.2842,655170,3.71778,0.175506,21.0735,0.543436,2.93566,10.7055,0.838235,0.0588803,0.134775,0.447154,0.00338274,126.818,56.985,0.83853,0.283187,0.17634,0.642597,4.35485,159.664,4.59614,-61.0009,0.416305,0.113333,2.04234,-57.5119,0.412662,-129.695,0.900549,0.32326,0.220846,137.655,0.704378,0.66575,421.772,2042.67,0,0
conf50,4,51.2638,654134,3.65092,0.186596,20.3235,0.538288,2.99723,10.3821,0.852941,0.0704633,0.139767,0.466125,0.00203061,140.599,55.3174,0.805076,0.304423,0.17419,0.63311,0.0290465,277.984,9.00008,-60.8479,0.395529,0.0666667,0.927702,-63.6328,0.190507,-137.344,0.963661,0.308292,0.227858,271.621,0.907175,0.65621,430.355,2057,0,0
conf50,5,51.3526,656016,3.54114,0.189007,19.3578,0.51834,2.90294,10.1527,0.823529,0.0810811,0.141431,0.452575,0.00300287,126.14,59.2966,0.767195,0.316382,0.176623,0.643849,5.36999,354.19,13.4407,-60.8748,0.41724,0.146667,2.22365,-74.9059,0.445044,-148.29,0.72578,0.388351,0.191098,314.764,0.944226,0.674594,421.329,2034.33,0,0
conf50,6,51.4068,655443,3.57361,0.183703,19.7696,0.522844,2.88796,10.271,0.808824,0.0608108,0.144759,0.476965,0.00389729,187.249,56.8332,0.866059,0.300325,0.179335,0.655898,2.18793,266.77,1.57972,-60.7695,0.457936,0.2,2.989,-76.3778,0.59337,-148.96,1.20437,0.268171,0.233394,283.927,0.921255,0.717325,415.373,2009.33,0,0
conf50,7,51.3964,654817,3.64481,0.175506,20.5049,0.524775,2.96617,10.4029,0.823529,0.0588803,0.131448,0.455285,0.00138753,127.008,56.034,0.786333,0.277147,0.176659,0.64401,0.944127,268.626,5.43722,-61.1442,0.393248,0.153333,1.87999,-47.67,0.381758,-119.658,0.929605,0.248313,0.227997,261.846,0.904832,0.634104,415.167,2034,0,0
conf50,8,51.4816,655044,3.78206,0.193346,20.7843,0.580438,3.12036,10.7154,0.867647,0.0772201,0.148087,0.468835,0.00439124,130.316,58.4143,0.847606,0.312838,0.176165,0.641825,2.61721,216.447,5.61945,-61.183,0.420339,0.0866667,3.77279,-76.5125,0.755664,-149.343,0.928637,0.363318,0.227504,177.293,0.76736,0.66904,437.715,2040.67,0,0
conf50,9,51.3374,656470,3.75458,0.18081,20.8922,0.582046,3.07266,10.6143,0.823529,0.0694981,0.134775,0.449865,0.000684415,125.516,58.5067,0.803201,0.258952,0.174751,0.635583,1.39933,350.083,11.7015,-61.0778,0.356678,0.0866667,2.20429,-53.5358,0.452423,-127.065,0.837078,0.286121,0.254039,272.349,0.911971,0.651101,424.146,2050.33,0,0
conf75,0,51.3203,654188,3.94086,0.18081,22.1863,0.589768,3.23128,11.1427,0.823529,0.0588803,0.144759,0.463415,0.00149156,116.83,67.2288,0.764834,0.242673,0.204452,0.771366,3.50107,189.916,3.1031,-60.5844,0.355558,0.0333333,2.09853,-96.2368,0.410916,-168.472,0.681675,0.333989,0.274112,224.674,0.880939,0.625396,427.767,2048.33,0,0
conf75,1,51.5061,655776,3.71536,0.185149,19.9804,0.528636,3.14032,10.6016,0.852941,0.0656371,0.146423,0.460705,0.00310457,166.634,54.4455,0.8578,0.345069,0.203401,0.76639,2.8579,252.095,0.912532,-60.7076,0.398011,0.113333,2.37377,-51.0756,0.472838,-122.833,0.916276,0.303422,0.232827,249.446,0.910122,0.601634,405.354,2047,0,0
conf75,2,51.5075,654814,3.76053,0.189971,20.3088,0.524775,3.19578,10.7154,0.867647,0.0656371,0.159734,0.463415,0.00553037,163.092,61.0362,0.844152,0.307877,0.208554,0.790924,10.5733,344.357,20.8232,-60.8062,0.393395,0.113333,2.45127,-36.4598,0.500956,-107.545,1.17557,0.29263,0.166289,214.792,0.871164,0.686188,432.274,2064.33,0,0
conf75,3,51.3108,653893,3.7361,0.201061,19.8529,0.548584,3.16528,10.645,0.867647,0.0888031,0.151414,0.474255,0.00258549,110.999,40.9811,0.902824,0.327196,0.203264,0.765741,6.12769,227.131,11.389,-61.0009,0.469427,0.0933333,1.32299,-111.988,0.267315,-184.171,0.718594,0.388281,0.245276,189.889,0.807583,0.643411,409.919,2065,0,0
conf75,4,51.4676,654963,4.09466,0.200096,22.9902,0.660553,3.29395,11.5583,0.852941,0.0772201,0.159734,0.490515,0.00170759,114.238,51.8475,0.882078,0.258019,0.201891,0.75926,3.18095,108.072,3.38476,-60.8479,0.475796,0.2,2.30403,-88.3097,0.473141,-162.021,0.866416,0.356011,0.266394,129.06,0.635469,0.620892,437.245,2055.33,0,0
conf75,5,51.5612,656627,4.00193,0.194311,22.3039,0.655084,3.26622,11.224,0.823529,0.0772201,0.153078,0.474255,0.00402745,114.828,58.708,0.861458,0.268895,0.205036,0.77414,2.30997,156.46,2.61378,-60.8748,0.414927,0.106667,3.04422,-70.5553,0.609274,-143.939,0.967783,0.312772,0.162616,167.11,0.749089,0.674768,431.24,2044.33,0,0
conf75,6,51.5912,655065,3.85519,0.189971,21.1176,0.592986,3.19579,10.907,0.852941,0.0666023,0.154742,0.471545,0.00308149,160.189,56.3981,0.894898,0.289988,0.209486,0.795396,3.89608,173.025,4.32182,-60.7695,0.452859,0.133333,2.76661,-59.1104,0.549223,-131.693,1.06719,0.307499,0.20517,136.484,0.673323,0.663669,429.639,2041,0,0
conf75,7,51.5056,656412,3.92639,0.178881,21.5245,0.571107,3.25846,11.1915,0.838235,0.0540541,0.141431,0.468835,-0.000533513,115.139,66.9528,0.790889,0.27409,0.205475,0.776225,0.749346,245.869,0.125162,-61.1442,0.399451,0.06,1.67466,-95.5681,0.340062,-167.556,0.834151,0.271667,0.254129,228.196,0.872636,0.607446,419.334,2079,0,0
conf75,8,51.6078,655487,4.05448,0.198168,22.049,0.645753,3.39046,11.3902,0.823529,0.0810811,0.15807,0.476965,0.00412815,153.892,61.0308,0.886035,0.260824,0.204648,0.772296,1.66291,122.218,0.915077,-61.183,0.414956,0.0866667,2.33817,-60.7437,0.46832,-133.574,1.04755,0.313601,0.233674,128.374,0.637335,0.686719,443.803,2052.33,0,0
conf75,9,51.4165,656242,3.90469,0.196239,21.1324,0.585907,3.31669,11.0054,0.838235,0.0801158,0.15807,0.466125,0.00161738,143.453,62.1544,0.807354,0.286692,0.20238,0.761567,0.530526,212.837,5.67863,-61.0778,0.396428,0.1,2.8755,-65.888,0.590187,-139.417,0.855403,0.2563,0.18431,209.419,0.835575,0.527853,396.734,2063.67,0,0
